date, pm25, pm10, o3, no2, so2, co
2023/7/1, 116, 88, 18, 18, 11, 
2023/7/2, 95, 85, 18, 18, 11, 
2023/7/3, 92, 78, 20, 18, 11, 
2023/7/4, 85, 75, 20, 18, 11, 
2023/7/5, 81, 75, 20, 17, 12, 
2023/7/6, 81, , 20, 18, 12, 
2023/4/3, 94, 92, 24, 24, 23, 
2023/4/4, 98, 109, 30, 25, 25, 
2023/4/5, 95, 75, 20, 22, 19, 
2023/4/6, 80, 74, 13, 20, 13, 
2023/4/7, 79, 76, 14, 20, 14, 
2023/4/8, 85, 70, 14, 20, 14, 
2023/4/9, 74, 82, 17, 21, 17, 
2023/4/10, 88, 83, 15, 21, 16, 
2023/4/11, 89, 83, 17, 21, 17, 
2023/4/12, 88, 74, 19, 21, 18, 
2023/4/13, 79, 79, 16, 23, 18, 
2023/4/14, 85, 70, 16, 22, 18, 
2023/4/15, 74, 65, 16, 22, 18, 
2023/4/16, 68, 77, 17, 23, 18, 
2023/4/17, 82, 79, 14, 23, 15, 
2023/4/18, 85, 80, 16, 22, 16, 
2023/4/19, 86, 88, 22, 21, 18, 
2023/4/20, 94, 86, 17, 21, 18, 
2023/4/21, 91, 77, 14, 21, 19, 
2023/4/22, 81, 77, 15, 21, 18, 
2023/4/23, 81, 77, 20, 21, 19, 
2023/4/24, 82, 85, 16, 21, 16, 
2023/4/25, 91, 88, 16, 20, 13, 
2023/4/26, 94, 84, 17, 20, 15, 
2023/4/27, 92, 78, 26, 19, 14, 
2023/4/28, 84, 87, 21, 20, 17, 
2023/4/29, 95, 99, 21, 22, 18, 
2023/4/30, 108, 85, 21, 20, 14, 
2023/5/1, 92, 83, 14, 18, 11, 
2023/5/2, 89, 80, 19, 18, 11, 
2023/5/3, 86, 74, 21, 18, 13, 
2023/5/4, 80, 78, 22, 18, 12, 
2023/5/5, 83, 82, 17, 18, 11, 
2023/5/6, 88, 87, 15, 19, 11, 
2023/5/7, 92, 75, 18, 18, 11, 
2023/5/8, 80, 69, 18, 19, 12, 
2023/5/9, 75, 74, 22, 19, 12, 
2023/5/10, 79, 83, 16, 19, 12, 
2023/5/11, 89, 92, 19, 19, 14, 
2023/5/12, 99, 88, 17, 20, 13, 
2023/5/13, 97, 82, 14, 20, 12, 
2023/5/14, 88, 88, 23, 19, 13, 
2023/5/15, 95, 94, 23, 18, 13, 
2023/5/16, 102, 86, 17, 19, 11, 
2023/5/17, 93, 86, 20, 18, 11, 
2023/5/18, 92, 94, 22, 19, 12, 
2023/5/19, 101, , , , , 
2023/5/22, 85, 81, 13, 18, 10, 
2023/5/23, 88, 81, 13, 18, 10, 
2023/5/24, 88, 81, 13, 18, 10, 
2023/5/25, 88, 83, 17, 19, 11, 
2023/5/26, 90, 76, 13, 19, 11, 
2023/5/27, 82, 85, 16, 19, 11, 
2023/5/28, 87, 76, 16, 19, 11, 
2023/5/29, 81, 82, 19, 19, 11, 
2023/5/30, 88, 87, 21, 18, 11, 
2023/5/31, 94, 91, 28, 20, 11, 
2023/6/1, 98, 95, 28, 20, 12, 
2023/6/2, 103, 89, 18, 18, 11, 
2023/6/3, 96, 77, 12, 18, 10, 
2023/6/4, 83, 83, 21, 18, 10, 
2023/6/5, 90, 89, 20, 18, 10, 
2023/6/6, 96, 87, 19, 18, 11, 
2023/6/7, 94, 86, 20, 18, 11, 
2023/6/8, 93, 89, 21, 19, 11, 
2023/6/9, 96, 84, 23, 18, 11, 
2023/6/10, 91, 77, 13, 18, 11, 
2023/6/11, 83, 87, 23, 19, 11, 
2023/6/12, 98, 102, 20, 21, 11, 
2023/6/13, 111, 102, 20, 21, 11, 
2023/6/14, 111, 93, 24, 20, 11, 
2023/6/15, 101, 88, 25, 20, 11, 
2023/6/16, 95, 88, 23, 19, 11, 
2023/6/17, 95, 82, 20, 18, 11, 
2023/6/18, 87, 89, 20, 19, 11, 
2023/6/19, 98, 95, 24, 20, 11, 
2023/6/20, 104, 79, 13, 18, 10, 
2023/6/21, 85, 85, 26, 19, 11, 
2023/6/22, 92, 98, 27, 20, 11, 
2023/6/23, 105, 91, 20, 19, 11, 
2023/6/24, 100, 75, 16, 18, 11, 
2023/6/25, 81, 90, 18, 20, 11, 
2023/6/26, 97, 97, 19, 21, 11, 
2023/6/27, 105, 101, 20, 21, 12, 
2023/6/28, 112, 98, 20, 21, 12, 
2023/6/29, 107, 100, 21, 21, 12, 
2023/6/30, 110, 105, 20, 20, 12, 
2023/1/2, 142, 80, 21, 12, 11, 11
2023/1/3, 158, 74, 23, 13, 12, 11
2023/1/4, 153, 67, 25, 13, 12, 12
2023/1/5, 133, 65, 26, 13, 11, 11
2023/1/6, 104, 92, 22, 12, 17, 12
2023/1/7, 157, 104, 22, 13, 17, 13
2023/1/8, 161, 104, 22, 13, 16, 14
2023/1/9, 161, 104, 22, 13, 17, 14
2023/1/10, 161, 79, 21, 12, 13, 13
2023/1/11, 153, 92, 31, 10, 17, 13
2023/1/12, 156, 98, 31, 9, 24, 11
2023/1/13, 151, 82, 26, 14, 20, 
2023/1/14, 151, 82, 26, , , 
2023/1/15, 151, 82, 26, , , 
2023/1/16, 151, 82, 26, , , 
2023/1/17, 151, 82, 26, , , 
2023/1/18, 151, 82, 26, 17, 24, 
2023/1/19, 152, 85, 25, 19, 24, 
2023/1/20, 112, 86, 25, 23, 24, 
2023/1/21, 94, 92, 22, 25, 24, 
2023/1/22, 84, 89, 27, 25, 27, 
2023/1/23, 89, 85, 28, 25, 30, 
2023/1/24, 92, 79, 28, 24, 30, 
2023/1/25, 84, 76, 23, 24, 31, 
2023/1/26, 81, 79, 30, 24, 30, 
2023/1/27, 85, 88, 31, 25, 31, 
2023/1/28, 95, 90, 28, 26, 30, 
2023/1/29, 97, 88, 28, 25, 28, 
2023/1/30, 95, 87, 30, 26, 30, 
2023/1/31, 95, 93, 33, 27, 33, 
2023/2/1, 102, 91, 27, 25, 31, 
2023/2/2, 100, 90, 28, 26, 32, 
2023/2/3, 98, 72, 26, 24, 28, 
2023/2/4, 78, 63, 22, 21, 20, 
2023/2/5, 69, 75, 31, 23, 27, 
2023/2/6, 81, 88, 32, 26, 33, 
2023/2/7, 95, 87, 21, 26, 32, 
2023/2/8, 93, 89, 28, 25, 34, 
2023/2/9, 96, 99, 30, 27, 34, 
2023/2/10, 108, 101, 27, 29, 34, 
2023/2/11, 110, 104, 25, 30, 34, 
2023/2/12, 113, 104, 25, 30, 34, 
2023/2/13, 113, 104, 32, 29, 36, 
2023/2/14, 113, 105, 29, 29, 37, 
2023/2/15, 114, 105, 28, 28, 37, 
2023/2/16, 117, 103, 32, 28, 38, 
2023/2/17, 115, 94, 23, 27, 42, 
2023/2/18, 101, 94, 35, 27, 42, 
2023/2/19, 101, 95, 32, 28, 43, 
2023/2/20, 102, 91, 30, 28, 43, 
2023/2/21, 98, 96, 34, 29, 44, 
2023/2/22, 105, 103, 29, 31, 45, 
2023/2/23, 112, 101, 32, 30, 44, 
2023/2/24, 110, 95, 28, 31, 48, 
2023/2/25, 104, 87, 24, 30, 48, 
2023/2/26, 95, 87, 29, 29, 47, 
2023/2/27, 95, 86, 29, 28, 48, 
2023/2/28, 94, , , , , 
2023/3/8, 134, 92, 30, 26, 44, 
2023/3/9, 115, 89, 26, 28, 40, 
2023/3/10, 97, 81, 29, 26, 32, 
2023/3/11, 88, 87, 22, 29, 34, 
2023/3/12, 93, 92, 28, 31, 41, 
2023/3/13, 100, 100, 31, 31, 44, 
2023/3/14, 108, 89, 25, 27, 35, 
2023/3/15, 95, 87, 25, 24, 24, 
2023/3/16, 94, 93, 30, 24, 24, 
2023/3/17, 101, 92, 30, 24, 23, 
2023/3/18, 100, 85, 18, 23, 21, 
2023/3/19, 92, 87, 25, 22, 20, 
2023/3/20, 94, 95, 25, 22, 18, 
2023/3/21, 101, 104, 19, 23, 15, 
2023/3/22, 114, 95, 22, 22, 16, 
2023/3/23, 103, 87, 19, 20, 19, 
2023/3/24, 93, 88, 24, 20, 25, 
2023/3/25, 95, 86, 24, 21, 27, 
2023/3/26, 92, 88, 24, 21, 24, 
2023/3/27, 95, 95, 23, 21, 21, 
2023/3/28, 104, 94, 26, 21, 23, 
2023/3/29, 102, 82, 24, 20, 18, 
2023/3/30, 88, 88, 20, 20, 17, 
2023/3/31, 94, , , , , 
2022/10/1, 98, 68, 10, 7, 12, 8
2022/10/2, 100, 64, 19, 10, 11, 8
2022/10/3, 104, 59, 19, 11, 10, 7
2022/10/4, 95, 57, 19, 15, 6, 7
2022/10/5, 77, 57, 25, 53, 6, 6
2022/10/6, 85, 63, 25, 11, 7, 7
2022/10/7, 101, 62, 18, 11, 8, 7
2022/10/8, 91, 58, 18, 10, 10, 7
2022/10/9, 71, 58, 18, 10, 11, 7
2022/10/10, 79, 60, 17, 11, 9, 7
2022/10/11, 100, 56, 15, 11, 8, 6
2022/10/12, 95, 57, 15, 11, 11, 6
2022/10/13, 82, 59, 15, 10, 10, 7
2022/10/14, 85, 56, 17, 9, 12, 7
2022/10/15, 79, 58, 17, 12, 14, 10
2022/10/16, 87, , , , , 
2022/10/25, 117, 67, 27, 18, 18, 10
2022/10/26, 134, 62, 28, 22, 15, 10
2022/10/27, 111, 61, 28, 23, 14, 11
2022/10/28, 95, 70, 13, 25, 10, 11
2022/10/29, 128, 80, 12, 25, 14, 16
2022/10/30, 158, 74, 22, 25, 13, 12
2022/10/31, 149, 71, 21, 21, 13, 11
2022/11/1, 142, 70, 18, 13, 14, 10
2022/11/2, 135, 71, 18, 11, 15, 10
2022/11/3, 123, 76, 19, 14, 15, 12
2022/11/4, 146, 65, 21, 12, 13, 10
2022/11/5, 122, 67, 20, 9, 12, 11
2022/11/6, 128, 67, 22, 10, 14, 11
2022/11/7, 139, 70, 18, 12, 13, 11
2022/11/8, 141, 72, 12, 9, 11, 12
2022/11/9, 141, 77, 21, 10, 12, 12
2022/11/10, 154, 69, 21, 11, 12, 11
2022/11/11, 146, 66, 19, 11, 10, 9
2022/11/12, 135, 69, 14, 11, 11, 9
2022/11/13, 125, 67, 17, 11, 13, 11
2022/11/14, 126, 71, 19, 13, 17, 13
2022/11/15, 150, 68, 19, 13, 14, 10
2022/11/16, 144, 77, 22, 12, 15, 12
2022/11/17, 156, 81, 21, 12, 15, 13
2022/11/18, 157, 79, 17, 11, 13, 10
2022/11/19, 145, 57, 12, 8, 8, 8
2022/11/20, 102, 71, 21, 11, 12, 11
2022/11/21, 149, 66, 21, 11, 12, 10
2022/11/22, 138, , 11, 15, 9, 7
2022/12/6, 147, 78, 17, 12, 6, 10
2022/12/7, 147, 86, 18, 12, 10, 11
2022/12/8, 156, , , , , 
2022/12/11, 139, 67, 18, 12, 11, 9
2022/12/12, 129, 61, 15, 11, 11, 9
2022/12/13, 114, 59, 13, 11, 7, 10
2022/12/14, 101, 60, 18, 13, 9, 8
2022/12/15, 99, 61, 18, 13, 10, 6
2022/12/16, 101, 59, 18, 11, 6, 7
2022/12/17, 96, 66, 16, 8, 6, 7
2022/12/18, 120, , , , , 
2022/12/20, 105, 64, 19, 11, 6, 5
2022/12/21, 132, 67, 19, 12, 9, 6
2022/12/22, 148, 72, 18, 11, 9, 7
2022/12/23, 153, 68, 18, 10, 6, 7
2022/12/24, 150, 68, 19, 13, 5, 7
2022/12/25, 154, 68, 19, 12, 8, 7
2022/12/26, 143, 66, 21, 11, 10, 6
2022/12/27, 133, 63, 22, 11, 7, 9
2022/12/28, 127, 76, 22, 12, 9, 10
2022/12/29, 143, 73, 21, 12, 11, 10
2022/12/30, 128, 62, 21, 12, 12, 9
2022/12/31, 106, 63, 18, 13, 12, 10
2023/1/1, 131, 69, 20, 13, 12, 10
2022/7/1, 107, 57, 17, 13, 10, 7
2022/7/2, 96, 72, 12, 15, 11, 9
2022/7/3, 146, 67, 22, 15, 11, 9
2022/7/4, 123, 57, 15, 12, 10, 7
2022/7/5, 86, 51, 12, 10, 10, 6
2022/7/6, 73, 49, 11, 12, 11, 8
2022/7/7, 77, 33, 11, 17, 7, 7
2022/7/8, 69, 33, 11, 17, 7, 7
2022/7/9, 69, 35, 11, 16, 8, 8
2022/7/10, 70, 52, 13, 14, 10, 6
2022/7/11, 84, 52, 11, 13, 11, 7
2022/7/12, 85, 50, 12, 12, 7, 7
2022/7/13, 80, 53, 13, 13, 9, 7
2022/7/14, 83, 56, 12, 9, 12, 5
2022/7/15, 94, 61, 17, 8, 11, 7
2022/7/16, 92, 58, 18, 8, 9, 9
2022/7/17, 68, 55, 18, 10, 10, 8
2022/7/18, 74, 56, 19, 11, 9, 7
2022/7/19, 88, 74, 14, 12, 11, 9
2022/7/20, 123, 82, 14, 13, 12, 9
2022/7/21, 138, 62, 18, 9, 11, 9
2022/7/22, 98, 57, 13, 11, 10, 9
2022/7/23, 97, 61, 12, 14, 12, 9
2022/7/24, 107, 55, 12, 7, 12, 9
2022/7/25, 87, 55, 11, 7, 12, 9
2022/7/26, 87, 55, 11, 6, 11, 9
2022/7/27, 87, 55, 11, 7, 11, 9
2022/7/28, 87, , , , , 
2022/7/30, 87, 55, 11, 7, 12, 9
2022/7/31, 87, 55, 11, 7, 11, 9
2022/8/1, 87, 55, 12, 8, 11, 9
2022/8/2, 87, 57, 15, 9, 11, 7
2022/8/3, 100, 60, 15, 11, 11, 7
2022/8/4, 113, 60, 15, 11, 13, 6
2022/8/5, 113, 60, 15, 11, 12, 6
2022/8/6, 113, 60, 15, 11, 12, 7
2022/8/7, 113, 60, 15, 11, 12, 6
2022/8/8, 113, 60, 15, 11, 12, 6
2022/8/9, 113, 60, 15, 11, 12, 6
2022/8/10, 113, 60, 15, 11, 12, 6
2022/8/11, 113, 60, 15, 11, 12, 6
2022/8/12, 113, 60, 15, 11, 12, 7
2022/8/13, 113, 60, 15, 11, 12, 7
2022/8/14, 113, 60, 15, 11, 12, 7
2022/8/15, 113, 58, 15, 13, 12, 7
2022/8/16, 105, 59, 12, 16, 13, 7
2022/8/17, 100, 66, 13, 17, 13, 7
2022/8/18, 109, 63, 13, 16, 10, 7
2022/8/19, 100, 48, 14, 11, 8, 8
2022/8/20, 57, 43, 11, 7, 8, 6
2022/8/21, 45, 49, 12, 5, 9, 6
2022/8/22, 62, 57, 17, 15, 12, 8
2022/8/23, 82, 63, 18, 14, 11, 8
2022/8/24, 94, 63, 15, 12, 11, 8
2022/8/25, 104, 63, 15, 12, 11, 10
2022/8/26, 122, 59, 15, 11, 10, 9
2022/8/27, 88, 54, 15, 12, 8, 8
2022/8/28, 77, 56, 11, 13, 9, 7
2022/8/29, 81, 58, 18, 13, 10, 8
2022/8/30, 77, , , , , 
2022/9/1, 74, 60, 14, 9, 11, 9
2022/9/2, 93, 64, 14, 11, 12, 10
2022/9/3, 99, 65, 12, 12, 14, 9
2022/9/4, 112, 62, 15, 12, 12, 9
2022/9/5, 95, 63, 13, 11, 10, 8
2022/9/6, 90, 63, 15, 10, 9, 7
2022/9/7, 90, 59, 18, 12, 10, 6
2022/9/8, 83, 55, 14, 11, 12, 7
2022/9/9, 74, 59, 14, 11, 10, 10
2022/9/10, 89, 56, 13, 12, 8, 9
2022/9/11, 70, 55, 13, 11, 11, 9
2022/9/12, 74, 60, 13, 12, 13, 8
2022/9/13, 96, 64, 13, 11, 15, 7
2022/9/14, 112, 54, 19, 12, 13, 9
2022/9/15, 80, 55, 19, 11, 10, 8
2022/9/16, 86, 59, 14, 11, 11, 9
2022/9/17, 96, 64, 13, 12, 9, 8
2022/9/18, 107, 57, 14, 11, 10, 7
2022/9/19, 91, 50, 14, 11, 10, 6
2022/9/20, 70, 56, 15, 11, 10, 7
2022/9/21, 77, 60, 15, 11, 11, 8
2022/9/22, 88, 61, 18, 11, 9, 8
2022/9/23, 91, 63, 15, 12, 10, 8
2022/9/24, 105, 72, 7, 13, 11, 5
2022/9/25, 151, 69, 13, 12, 10, 5
2022/9/26, 135, 50, 15, 11, 11, 9
2022/9/27, 76, 53, 14, 11, 8, 10
2022/9/28, 84, 59, 11, 8, 8, 9
2022/9/29, 92, 66, 13, 4, 10, 7
2022/9/30, 108, 65, 13, 3, 9, 9
2022/4/1, 101, 78, 22, 17, 10, 10
2022/4/2, 140, 59, 22, 19, 11, 11
2022/4/3, 128, 57, 24, 14, 12, 13
2022/4/4, 88, 66, 24, 14, 12, 13
2022/4/5, 123, 71, 20, 15, 10, 10
2022/4/6, 123, 73, 21, 14, 10, 9
2022/4/7, 117, 63, 21, 12, 8, 7
2022/4/8, 145, 61, 23, 18, 7, 11
2022/4/9, 112, , , , , 
2022/4/11, 140, 67, 21, 16, 11, 10
2022/4/12, 137, 70, 21, 15, 11, 14
2022/4/13, 108, 67, 24, 13, 11, 13
2022/4/14, 128, 64, 23, 9, 11, 9
2022/4/15, 40, 56, 20, 8, 13, 9
2022/4/16, 80, 56, 19, 8, 13, 10
2022/4/17, 118, 67, 24, 18, 11, 10
2022/4/18, 126, 67, 29, 19, 12, 12
2022/4/19, 79, 68, 29, 19, 12, 12
2022/4/20, 79, 64, 24, 17, 13, 11
2022/4/21, 127, 61, 21, 14, 12, 9
2022/4/22, 168, 53, 23, 16, 10, 10
2022/4/23, 114, 53, 23, 19, 10, 11
2022/4/24, 74, 70, 22, 13, 13, 11
2022/4/25, 88, 66, 24, 16, 13, 11
2022/4/26, 64, 65, 28, 14, 12, 11
2022/4/27, 108, 64, 29, 14, 13, 12
2022/4/28, 112, 50, 28, 15, 12, 14
2022/4/29, 96, 55, 25, 13, 13, 12
2022/4/30, 89, , , , , 
2022/5/2, 112, 69, 31, 16, 13, 11
2022/5/3, 122, 58, 28, 13, 12, 12
2022/5/4, 67, 72, 27, 10, 10, 10
2022/5/5, 93, 69, 27, 10, 9, 10
2022/5/6, 94, 67, 28, 9, 10, 11
2022/5/7, 112, 72, 23, 10, 10, 12
2022/5/9, 135, 71, 24, 9, 10, 10
2022/5/10, 124, 76, 19, 15, 10, 11
2022/5/11, 81, 64, 25, 11, 10, 11
2022/5/12, 95, 63, 22, 16, 10, 12
2022/5/13, 107, 59, 25, 18, 10, 11
2022/5/14, 95, 65, 25, 19, 8, 9
2022/5/16, 107, 72, 22, 14, 12, 10
2022/5/17, 125, 66, 23, 12, 11, 10
2022/5/18, 113, 64, 20, 16, 10, 9
2022/5/19, 122, 63, 23, 16, 10, 10
2022/5/20, 113, 71, 22, 17, 9, 13
2022/5/21, 143, 65, 21, 18, 12, 9
2022/5/22, 114, 77, 24, 19, 12, 11
2022/5/23, 137, 79, 24, 18, 12, 13
2022/5/24, 142, 73, 27, 15, 13, 11
2022/5/25, 107, 73, 32, 10, 13, 9
2022/5/26, 122, 76, 32, 17, 11, 12
2022/5/27, 131, 68, 27, 14, 9, 12
2022/5/28, 121, 58, 24, 9, 7, 12
2022/5/29, 91, 59, 24, 12, 7, 12
2022/5/30, 97, 61, 23, 12, 11, 8
2022/5/31, 100, 65, 22, 9, 11, 10
2022/6/1, 110, 63, 24, 13, 9, 9
2022/6/2, 109, 64, 25, 14, 11, 12
2022/6/3, 108, 63, 22, 12, 10, 8
2022/6/4, 106, 78, 17, 11, 11, 12
2022/6/5, 152, 70, 22, 11, 10, 9
2022/6/6, 126, 65, 29, 12, 10, 8
2022/6/7, 102, 63, 29, 12, 10, 7
2022/6/8, 116, 68, 21, 14, 11, 9
2022/6/9, 122, 76, 25, 13, 10, 11
2022/6/10, 134, 69, 26, 12, 10, 9
2022/6/11, 107, 69, 27, 14, 12, 9
2022/6/12, 112, 68, 27, 13, 11, 9
2022/6/13, 111, , , , , 
2022/6/17, 120, , , , , 
2022/6/20, 110, 63, 33, 13, 10, 13
2022/6/21, 125, 63, 24, 14, 9, 10
2022/6/22, 113, 67, 20, 14, 10, 17
2022/6/23, 122, 61, 19, 16, 12, 21
2022/6/24, 106, 50, 9, 15, 11, 10
2022/6/25, 69, 50, 9, 15, 11, 10
2022/6/26, 69, 50, 9, 15, 11, 10
2022/6/27, 69, 53, 16, 14, 12, 7
2022/6/28, 80, 54, 14, 14, 11, 6
2022/6/29, 86, 56, 15, 13, 13, 8
2022/6/30, 100, 60, 12, 11, 12, 7
2022/1/3, 108, 48, 18, 20, 11, 9
2022/1/4, 100, , , , , 
2022/1/6, 125, 59, 14, 15, 9, 7
2022/1/7, 109, 60, 12, 18, 5, 7
2022/1/8, 26, 60, 12, 17, 5, 7
2022/1/9, 57, 56, 12, 14, 7, 9
2022/1/10, 88, 55, 16, 16, 8, 9
2022/1/11, 85, 53, 19, 10, 8, 9
2022/1/12, 112, 54, 19, 6, 8, 9
2022/1/13, 119, 45, 20, 11, 8, 9
2022/1/14, 157, 50, 20, 14, 9, 10
2022/1/15, 147, 60, 11, 17, 7, 9
2022/1/16, 145, 59, 17, 14, 8, 9
2022/1/17, 132, 58, 20, 15, 11, 14
2022/1/18, 131, 61, 21, 14, 10, 12
2022/1/19, 139, 57, 21, 13, 9, 11
2022/1/20, 120, 58, 21, 14, 6, 11
2022/1/21, 120, 58, 27, 14, 6, 15
2022/1/22, 143, 57, 27, 12, 5, 22
2022/1/23, 142, 58, 20, 12, 8, 10
2022/1/24, 121, 58, 22, 14, 9, 10
2022/1/25, 130, 60, 22, 11, 9, 11
2022/1/26, 89, 62, 24, 14, 10, 11
2022/1/27, 101, 59, 23, 14, 10, 12
2022/1/28, 105, 53, 13, 13, 12, 12
2022/1/29, 109, 49, 10, 14, 12, 13
2022/1/30, 128, 52, 13, 13, 11, 10
2022/1/31, 141, 64, 12, 15, 10, 11
2022/2/1, 141, 62, 18, 14, 11, 11
2022/2/2, 134, 61, 19, 15, 10, 12
2022/2/3, 116, 52, 22, 13, 8, 12
2022/2/4, 113, 52, 22, 14, 9, 10
2022/2/5, 110, 57, 15, 9, 9, 9
2022/2/6, 135, 61, 21, 12, 10, 11
2022/2/7, 142, 65, 22, 12, 10, 14
2022/2/8, 157, 59, 22, 11, 10, 12
2022/2/9, 145, 64, 20, 14, 9, 10
2022/2/10, 150, 68, 20, 12, 11, 12
2022/2/11, 124, 60, 17, 15, 10, 11
2022/2/12, 128, 65, 17, 18, 9, 12
2022/2/13, 167, 60, 19, 15, 11, 11
2022/2/14, 118, 58, 15, 13, 11, 11
2022/2/15, 134, , , , , 
2022/2/18, 113, 59, 21, 18, 11, 10
2022/2/19, 125, 60, 21, 20, 11, 8
2022/2/20, 126, , , , , 
2022/2/23, 126, 57, 22, 18, 7, 7
2022/2/24, 115, 55, 23, 12, 9, 8
2022/2/25, 115, 57, 28, 13, 10, 12
2022/2/26, 96, 67, 28, 19, 9, 14
2022/2/27, 101, 52, 22, 17, 10, 11
2022/2/28, 104, 59, 20, 20, 10, 10
2022/3/1, 103, 68, 21, 22, 11, 10
2022/3/2, 117, 60, 23, 18, 11, 13
2022/3/3, 94, 49, 25, 13, 10, 17
2022/3/4, 107, 51, 26, 13, 10, 14
2022/3/5, 112, 48, 26, 13, 10, 12
2022/3/6, 122, 64, 24, 16, 11, 12
2022/3/7, 132, 65, 25, 14, 11, 12
2022/3/8, 127, 58, 25, 13, 11, 11
2022/3/9, 126, 66, 24, 17, 12, 10
2022/3/10, 125, 83, 23, 18, 13, 12
2022/3/11, 153, 66, 23, 14, 14, 16
2022/3/12, 104, 67, 22, 13, 13, 26
2022/3/13, 157, 66, 22, 15, 8, 18
2022/3/14, 125, 65, 25, 17, 11, 11
2022/3/15, 114, 62, 24, 15, 10, 12
2022/3/16, 125, 60, 32, 17, 8, 12
2022/3/17, 106, 65, 23, 14, 12, 11
2022/3/18, 125, 63, 24, 14, 12, 12
2022/3/19, 89, 60, 24, 14, 13, 16
2022/3/20, 122, 66, 25, 15, 12, 12
2022/3/21, 134, 79, 25, 16, 13, 10
2022/3/22, 139, 83, 26, 16, 14, 13
2022/3/23, 151, 81, 26, 19, 12, 12
2022/3/24, 148, 78, 18, 20, 11, 8
2022/3/25, 135, 81, 22, 17, 11, 9
2022/3/26, 143, 88, 22, 13, 12, 9
2022/3/27, 147, 73, 26, 16, 10, 9
2022/3/28, 129, 61, 21, 19, 10, 9
2022/3/29, 123, , , , , 
2021/10/2, 130, 76, 28, 11, 6, 2
2021/10/3, 113, 31, 28, 11, 4, 4
2021/10/4, 67, 46, 18, 9, 4, 2
2021/10/5, 74, 24, 16, 7, 6, 3
2021/10/6, 28, , 13, 5, 10, 5
2021/10/7, 47, , , 5, , 
2021/10/20, 113, , , 9, , 
2021/10/29, 98, 69, 17, 9, 10, 10
2021/10/30, 136, , 15, 11, 8, 8
2021/10/31, 146, 63, 18, 10, 9, 9
2021/11/1, 143, 58, 18, 9, 11, 16
2021/11/2, 102, 64, 17, 10, 11, 16
2021/11/3, 109, 50, 26, 9, 10, 10
2021/11/4, 100, 73, 17, 9, 9, 9
2021/11/5, 118, 70, 13, 12, 11, 17
2021/11/6, 154, , , 13, , 
2021/11/8, 136, 51, 19, 17, 8, 9
2021/11/9, 87, 78, 18, 13, 9, 10
2021/11/10, 151, 86, 21, 22, 9, 9
2021/11/11, 160, , , 23, , 
2021/11/17, 52, 68, 14, 20, 7, 6
2021/11/18, 48, , , 20, , 
2021/11/22, 70, 43, 14, 17, 7, 6
2021/11/23, 72, 56, 16, 16, 8, 8
2021/11/24, 86, 61, 12, 16, 8, 10
2021/11/25, 114, 67, 14, 19, 10, 12
2021/11/26, 137, 76, 14, 22, 10, 10
2021/11/27, 143, , , 22, , 
2021/12/4, 61, 37, 18, 8, 4, 1
2021/12/5, 35, 48, 13, 7, 10, 5
2021/12/6, 3, 48, 13, 5, 10, 5
2021/12/7, 8, , , 5, , 
2021/12/10, 161, 68, 14, 20, 7, 6
2021/12/11, 153, , , 20, , 
2021/7/1, 36, 32, 16, 3, 7, 2
2021/7/2, 46, 43, 19, 3, 8, 3
2021/7/3, 48, 50, 19, 5, 7, 4
2021/7/4, 53, 52, 19, 6, 8, 4
2021/7/5, 65, 48, 11, 3, 8, 2
2021/7/7, 55, 22, 15, 3, 7, 2
2021/7/8, 44, 24, 15, 3, 6, 1
2021/7/9, 34, 26, 13, 3, 7, 2
2021/7/10, 47, , , , , 
2021/7/12, 30, 35, 15, 2, 6, 2
2021/7/13, 37, 30, 11, 2, 6, 2
2021/7/14, 31, 32, 13, 3, 7, 1
2021/7/15, 34, 32, 12, 3, 7, 2
2021/7/16, 34, 31, 13, 2, 7, 1
2021/7/17, 33, , , 3, , 
2021/7/22, 33, 18, 13, 2, 6, 
2021/7/23, 29, 24, 16, 2, 7, 1
2021/7/24, 36, 29, 16, 3, 5, 2
2021/7/25, 31, 34, 16, 4, 7, 5
2021/7/26, 39, 41, 16, 3, 8, 5
2021/7/27, 33, 34, 15, 3, 8, 2
2021/7/28, 36, 27, 13, 3, 7, 3
2021/7/29, 32, 27, 17, 2, 7, 5
2021/7/30, 33, 32, 17, 3, 7, 6
2021/7/31, 37, 33, 22, 4, 6, 5
2021/8/1, 38, 35, 13, 3, 10, 8
2021/8/2, 49, 31, 12, 3, 12, 7
2021/8/3, 25, 36, 14, 3, 7, 4
2021/8/4, 51, 43, 17, 6, 8, 4
2021/8/5, 70, 36, 15, 5, 8, 4
2021/8/6, 62, 44, 14, 3, 7, 3
2021/8/7, 64, , , , , 
2021/8/11, 46, , , , , 
2021/8/17, 66, 40, 15, 3, 8, 5
2021/8/18, 53, 46, 20, 3, 8, 6
2021/8/19, 53, 46, 19, 3, 9, 8
2021/8/20, 55, 40, 16, 3, 7, 6
2021/8/21, 49, 39, 10, 3, 10, 4
2021/8/22, 60, 45, 12, 3, 9, 4
2021/8/23, 62, 41, 17, 3, 7, 6
2021/8/24, 65, 42, 14, 3, 7, 5
2021/8/25, 57, , , 2, , 
2021/8/27, 55, , , , , 
2021/8/31, 46, 36, 14, 2, 7, 5
2021/9/1, 62, 40, 14, 2, 6, 6
2021/9/2, 49, 43, 23, 4, 6, 6
2021/9/3, 57, 49, 28, 6, 6, 7
2021/9/4, 66, , 19, 8, 4, 2
2021/9/5, 156, 38, 15, 3, 6, 4
2021/9/6, 52, 39, 13, 2, 6, 4
2021/9/7, 41, 35, 17, 2, 6, 4
2021/9/8, 53, 23, 15, 3, 7, 5
2021/9/9, 42, 27, 14, 3, 8, 7
2021/9/10, 38, , , , , 
2021/9/20, 39, 30, 19, 3, 8, 7
2021/9/21, 41, 37, 19, 3, 6, 4
2021/9/22, 58, 37, 16, 3, 6, 4
2021/9/23, 66, 40, 16, 3, 6, 5
2021/9/24, 72, 39, 13, 3, 5, 6
2021/9/25, 64, 55, 11, 6, 7, 5
2021/9/26, 53, 51, 15, 5, 8, 4
2021/9/27, 65, 53, 11, 3, 11, 4
2021/9/28, 51, 31, 15, 3, 6, 4
2021/9/29, 61, , , , , 
2021/4/1, 104, 113, 23, 12, 5, 3
2021/4/2, 118, 90, 23, 13, 6, 4
2021/4/3, 114, 88, 19, 12, 4, 1
2021/4/4, 121, 98, 22, 13, 5, 3
2021/4/5, 138, 89, 22, 14, 7, 6
2021/4/6, 142, 112, 16, 12, 6, 6
2021/4/7, 154, 157, 21, 13, 6, 3
2021/4/8, 161, 90, 28, 12, 5, 2
2021/4/9, 132, , , , , 
2021/4/12, 72, 61, 20, 6, 3, 2
2021/4/13, 111, 45, 19, 7, 5, 5
2021/4/14, 68, 42, 18, 11, 6, 6
2021/4/15, 133, 102, 22, 9, 6, 4
2021/4/16, 210, 73, 16, 2, 3, 2
2021/4/17, 106, 73, 14, 4, 2, 2
2021/4/18, 108, 58, 22, 6, 2, 2
2021/4/19, 99, 46, 14, 4, 2, 1
2021/4/20, 89, 78, 24, 6, 3, 1
2021/4/21, 144, 78, 24, 7, 4, 2
2021/4/22, 136, 68, 20, 8, 5, 2
2021/4/23, 130, 84, 21, 10, 5, 1
2021/4/24, 164, , , 6, , 
2021/4/30, 114, 32, 20, 7, 4, 4
2021/5/1, 79, 15, 15, 5, 6, 4
2021/5/2, 100, 39, 17, 5, 5, 2
2021/5/3, 82, 40, 12, 5, 4, 1
2021/5/4, 104, 32, 16, 6, 4, 3
2021/5/5, 62, 57, 14, 8, 4, 3
2021/5/6, 131, , , , , 
2021/5/13, 54, 33, 18, 6, 5, 1
2021/5/14, 65, 30, 18, 7, 4, 1
2021/5/15, 43, , , 6, , 
2021/5/17, 25, 29, 17, 6, 3, 2
2021/5/18, 46, , , 5, , 
2021/5/20, 61, 35, 14, 6, 4, 1
2021/5/21, 35, 38, 14, 8, 5, 1
2021/5/22, 66, , 14, 8, 4, 1
2021/5/24, 41, 33, 13, 6, 4, 1
2021/5/25, 37, 33, 13, 6, 5, 1
2021/5/26, 22, 29, 17, 5, 4, 2
2021/5/27, 56, 25, 16, 5, 4, 2
2021/5/28, 56, 25, 16, 5, 4, 2
2021/5/29, 51, 19, 11, 5, 4, 2
2021/5/30, 49, 41, 17, 5, 5, 3
2021/5/31, 77, 31, 12, 5, 4, 3
2021/6/1, 34, 23, 13, 4, 5, 2
2021/6/2, 40, 26, 13, 4, 5, 2
2021/6/3, 35, 27, 16, 4, 4, 3
2021/6/4, 38, 33, 15, 6, 4, 2
2021/6/5, 43, 21, 14, 6, 5, 3
2021/6/6, 38, 28, 14, 5, 6, 3
2021/6/7, 41, 25, 10, 5, 6, 3
2021/6/8, 11, , , , , 
2021/6/15, 28, 24, 21, 3, 6, 5
2021/6/16, 31, 45, 17, 3, 7, 3
2021/6/17, 66, 37, 17, 3, 7, 2
2021/6/18, 54, 30, 11, 4, 7, 3
2021/6/19, 46, , , 3, , 
2021/6/23, 65, 31, 18, 6, 9, 5
2021/6/24, 45, 28, 17, 4, 8, 3
2021/6/25, 54, 36, 16, 3, 7, 2
2021/6/26, 44, 31, 16, 3, 7, 3
2021/6/27, 44, 27, 16, 3, 7, 2
2021/6/28, 40, 19, 19, 3, 6, 1
2021/6/29, 43, 20, 17, 3, 7, 1
2021/6/30, 28, 22, 15, 3, 7, 2
2021/1/4, 143, 74, 22, 12, 4, 
2021/1/5, 108, 57, 22, 12, 4, 1
2021/1/6, 94, 55, 22, 12, 4, 
2021/1/7, 79, 53, 22, 12, 4, 
2021/1/8, 98, , , , , 
2021/1/13, 125, 80, 22, 12, 4, 
2021/1/14, 127, 85, 22, 12, 4, 
2021/1/15, 142, 81, 22, 12, 4, 
2021/1/16, 150, 84, 22, 12, 4, 
2021/1/17, 151, 69, 22, 12, 4, 2
2021/1/18, 117, 148, 22, 12, 4, 
2021/1/19, 149, 96, 22, 12, 4, 
2021/1/20, 133, 78, 22, 12, 3, 
2021/1/21, 150, 199, 22, 13, 3, 
2021/1/22, 156, 150, 18, 15, 3, 
2021/1/23, 165, 136, 11, 15, 3, 
2021/1/24, 161, 138, 14, 16, 5, 
2021/1/25, 159, 119, 12, 16, 6, 
2021/1/26, 156, 111, 10, 15, 5, 
2021/1/27, 163, 107, 10, 15, 6, 
2021/1/28, 151, 125, 17, 14, 6, 
2021/1/29, 153, 114, 28, 15, 7, 
2021/1/30, 153, 93, 28, 16, 6, 
2021/1/31, 151, 93, 26, 14, 5, 
2021/2/1, 154, 88, 26, 15, 6, 
2021/2/2, 127, 97, 24, 16, 6, 
2021/2/3, 118, 88, 24, 13, 4, 
2021/2/4, 114, 72, 24, 12, 4, 
2021/2/5, 121, , , , , 
2021/2/8, 121, 130, 13, 14, 6, 
2021/2/9, 133, 99, 13, 14, 6, 
2021/2/10, 138, 100, 13, 14, 6, 
2021/2/11, 144, 119, 13, 14, 6, 
2021/2/12, 141, 90, 13, 14, 6, 18
2021/2/13, 131, 87, 13, 14, 6, 18
2021/2/14, 132, 88, 13, 14, 5, 18
2021/2/15, 134, 92, 13, 14, 6, 18
2021/2/16, 136, 87, 20, 14, 6, 8
2021/2/17, 140, 77, 19, 14, 5, 6
2021/2/18, 121, 71, 19, 11, 4, 4
2021/2/19, 110, 66, 19, 12, 5, 5
2021/2/20, 105, 57, 19, 12, 5, 5
2021/2/21, 119, , , , , 
2021/2/23, 86, 121, 26, 10, 5, 5
2021/2/24, 115, 93, 25, 11, 4, 3
2021/2/25, 140, 92, 23, 11, 4, 3
2021/2/26, 144, 95, 21, 12, 5, 3
2021/2/27, 132, 97, 21, 12, 5, 2
2021/2/28, 118, 95, 27, 13, 6, 6
2021/3/1, 124, 88, 20, 13, 6, 5
2021/3/2, 112, 67, 20, 15, 7, 8
2021/3/3, 103, 69, 20, 14, 6, 7
2021/3/4, 118, 98, 23, 12, 6, 4
2021/3/5, 132, 92, 23, 12, 6, 4
2021/3/6, 136, 107, 23, 12, 5, 4
2021/3/7, 144, 103, 26, 12, 7, 4
2021/3/8, 149, 96, 26, 14, 7, 6
2021/3/9, 145, , , , , 
2021/3/11, 92, 74, 20, 13, 6, 6
2021/3/12, 99, , , , , 
2021/3/15, 127, 62, 24, 13, 7, 5
2021/3/16, 49, 73, 24, 13, 6, 5
2021/3/17, 119, 112, 24, 13, 6, 4
2021/3/18, 163, 87, 20, 12, 5, 4
2021/3/19, 123, 90, 18, 11, 5, 4
2021/3/20, 147, 32, 18, 9, 5, 4
2021/3/21, 78, 99, 23, 12, 6, 3
2021/3/22, 142, 66, 22, 11, 6, 5
2021/3/23, 99, 84, 24, 12, 6, 7
2021/3/24, 136, 83, 24, 12, 6, 7
2021/3/25, 135, 89, 19, 11, 6, 5
2021/3/26, 134, 84, 16, 13, 5, 5
2021/3/27, 135, 75, 16, 13, 6, 6
2021/3/28, 121, 101, 21, 12, 5, 5
2021/3/29, 140, 67, 25, 11, 5, 4
2021/3/30, 115, 70, 25, 10, 4, 2
2021/3/31, 107, 81, 25, 10, 5, 2
2020/10/1, 61, 59, 14, 7, 2, 
2020/10/2, 76, 67, 14, 7, 1, 
2020/10/3, 77, 53, 14, 7, 1, 
2020/10/4, 75, 68, 14, 7, 1, 
2020/10/5, 82, 77, 14, 7, 1, 
2020/10/6, 88, 78, 14, 7, 1, 
2020/10/7, 89, 79, 14, 7, 2, 
2020/10/8, 101, 64, 14, 7, 2, 
2020/10/9, 86, 43, 15, 7, 2, 1
2020/10/10, 60, , , , , 
2020/10/24, 94, , , , , 
2020/10/26, 111, 92, 14, 7, 3, 
2020/10/27, 117, 76, 14, 7, 2, 
2020/10/28, 112, , , , , 
2020/11/1, 150, 97, 14, 7, 2, 
2020/11/2, 120, 106, 14, 7, 1, 
2020/11/3, 126, 86, 14, 7, 2, 
2020/11/4, 127, 84, 14, 7, 2, 
2020/11/5, 102, 94, 14, 7, 2, 
2020/11/6, 118, 104, 14, 7, 3, 21
2020/11/7, 111, 82, 14, 7, 2, 
2020/11/8, 111, 86, 14, 7, 3, 
2020/11/9, 119, 89, 14, 7, 2, 318
2020/11/10, 123, 101, 14, 7, 3, 
2020/11/11, 138, 74, 14, 7, 3, 
2020/11/12, 89, 61, 14, 7, 3, 
2020/11/13, 89, 75, 14, 7, 3, 
2020/11/14, 107, 55, 14, 7, 2, 
2020/11/15, 89, 61, 14, 7, 2, 
2020/11/16, 97, 59, 14, 7, 3, 
2020/11/17, 81, 64, 14, 7, 2, 
2020/11/18, 91, 58, 14, 7, 2, 
2020/11/19, 77, 62, 14, 7, 3, 
2020/11/20, 81, 66, 14, 7, 3, 
2020/11/21, 91, 79, 14, 7, 2, 
2020/11/22, 106, 79, 14, 7, 2, 
2020/11/23, 142, 79, 14, 7, 2, 
2020/11/24, 132, 72, 14, 7, 3, 
2020/11/25, 136, 71, 14, 7, 2, 
2020/11/26, 118, 71, 14, 7, 1, 
2020/11/27, 123, 62, 14, 7, 2, 
2020/11/28, 99, 71, 14, 7, 3, 
2020/11/29, 106, 91, 14, 7, 3, 
2020/11/30, 117, 79, 14, 7, 3, 
2020/12/1, 138, 76, 14, 7, 3, 
2020/12/2, 140, 103, 14, 7, 2, 
2020/12/3, 145, 95, 14, 7, 2, 
2020/12/4, 143, 94, 14, 7, 1, 
2020/12/5, 138, 77, 14, 7, 1, 
2020/12/6, 145, 73, 14, 7, 2, 
2020/12/7, 93, 69, 14, 7, 1, 
2020/12/8, 107, 73, 14, 7, 1, 9
2020/12/9, 99, 59, 14, 7, 1, 10
2020/12/10, 82, 81, 14, 7, 1, 
2020/12/11, 111, 73, 14, 7, 1, 
2020/12/12, 109, 59, 14, 7, 1, 
2020/12/13, 98, 94, 14, 7, 2, 
2020/12/14, 118, 86, 14, 7, 1, 
2020/12/15, 124, 84, 14, 7, 1, 
2020/12/16, 137, 72, 14, 7, 2, 
2020/12/17, 129, 102, 14, 7, 1, 
2020/12/18, 149, 86, 14, 7, 1, 
2020/12/19, 157, 83, 14, 7, 2, 
2020/12/20, 135, 81, 14, 7, 2, 
2020/12/21, 113, 108, 14, 7, 2, 
2020/12/22, 135, 99, 14, 7, 2, 
2020/12/23, 118, 91, 14, 7, 2, 
2020/12/24, 139, 81, 14, 7, 1, 
2020/12/25, 152, 107, 20, 12, 3, 
2020/12/26, 159, 81, 20, 21, 7, 
2020/12/27, 157, 121, 15, 14, 4, 
2020/12/28, 163, 114, 15, 14, 4, 
2020/12/29, 164, 108, 14, 17, 5, 
2020/12/30, 159, 98, 22, 15, 5, 
2020/12/31, 163, 97, 22, 12, 4, 
2021/1/1, 160, 104, 22, 12, 4, 
2021/1/2, 161, 99, 22, 12, 4, 
2021/1/3, 161, 89, 22, 12, 4, 
2020/7/1, 20, 17, 14, 7, 2, 19
2020/7/2, 19, 24, 14, 7, 2, 19
2020/7/3, 17, 21, 14, 7, 2, 20
2020/7/4, 18, 31, 14, 7, 2, 
2020/7/5, 28, 41, 14, 7, 2, 2
2020/7/6, 26, 35, 14, 7, 2, 
2020/7/7, 31, 27, 15, 7, 2, 
2020/7/8, 29, , , , , 
2020/7/10, 9, , , , , 
2020/7/16, 26, 27, 14, 7, 2, 
2020/7/17, 27, 21, 14, 7, 2, 
2020/7/18, 22, , , , , 
2020/7/22, 26, 21, 14, 7, 2, 54
2020/7/23, 34, 17, 14, 7, 2, 
2020/7/24, 46, 21, 14, 7, 2, 
2020/7/25, 32, 15, 14, 7, 2, 5
2020/7/26, 22, 21, 14, 7, 2, 
2020/7/27, 24, 20, 14, 7, 2, 
2020/7/28, 34, 30, 14, 7, 2, 
2020/7/29, 35, 32, 14, 7, 2, 
2020/7/30, 37, 30, 14, 7, 2, 
2020/7/31, 36, 37, 14, 7, 2, 
2020/8/1, 38, 18, 14, 7, 2, 
2020/8/2, 20, 22, 14, 7, 2, 
2020/8/3, 19, 21, 14, 7, 2, 
2020/8/4, 21, 18, 14, 7, 2, 
2020/8/5, 21, 33, 14, 7, 2, 
2020/8/6, 25, 35, 14, 7, 2, 
2020/8/7, 23, 36, 14, 7, 2, 
2020/8/8, 30, 33, 14, 7, 2, 
2020/8/9, 26, 28, 14, 7, 2, 
2020/8/10, 41, 12, 14, 7, 2, 
2020/8/11, 12, , , , , 
2020/9/4, 59, 56, 15, 7, 3, 
2020/9/5, 56, 41, 14, 7, 3, 
2020/9/6, 40, 52, 14, 7, 2, 
2020/9/7, 60, 41, 14, 7, 2, 
2020/9/8, 46, 47, 15, 7, 3, 
2020/9/9, 53, 27, 14, 7, 3, 
2020/9/10, 33, , , , , 
2020/9/19, 66, 41, 15, 8, 6, 1
2020/9/20, 83, , 15, 5, 4, 
2020/9/22, 4, , , 3, , 
2020/9/24, 34, 21, 14, 7, 2, 
2020/9/25, 28, 28, 15, 7, 2, 
2020/9/26, 35, 24, 14, 7, 2, 
2020/9/27, 28, 60, 14, 7, 1, 
2020/9/28, 60, 53, 14, 7, 1, 
2020/9/29, 55, 67, 14, 7, 2, 
2020/9/30, 71, 50, 14, 7, 2, 
2020/4/2, 103, 59, 14, , 2, 
2020/4/3, 107, 55, 14, , 2, 
2020/4/4, 103, 55, 14, , 1, 
2020/4/5, 101, 63, 14, , 2, 
2020/4/6, 97, 47, 14, , 2, 
2020/4/7, 84, 49, 14, 1, 2, 
2020/4/8, 71, 59, 14, , 1, 
2020/4/9, 80, 49, 14, , 2, 
2020/4/10, 77, 49, 14, , 2, 
2020/4/11, 82, 51, 14, , 2, 
2020/4/12, 87, 52, 14, , 2, 
2020/4/13, 86, 49, 14, , 2, 
2020/4/14, 90, 64, 14, , 2, 
2020/4/15, 106, 60, 14, , 2, 
2020/4/16, 102, 53, 14, 1, 2, 
2020/4/17, 91, 56, 14, , 2, 
2020/4/18, 96, 47, 14, , 2, 
2020/4/19, 91, 37, 14, , 2, 
2020/4/20, 70, 43, 14, , 2, 
2020/4/21, 82, 49, 14, , 2, 
2020/4/22, 72, 59, 14, , 2, 
2020/4/23, 81, 51, 14, , 2, 
2020/4/24, 78, 44, 14, , 2, 
2020/4/25, 67, 47, 14, , 2, 
2020/4/26, 62, 52, 14, , 2, 
2020/4/27, 69, 54, 14, , 2, 
2020/4/28, 77, 41, 14, , 2, 
2020/4/29, 64, 43, 14, , 2, 
2020/4/30, 72, 57, 14, , 2, 
2020/5/1, 83, 55, 14, , 2, 
2020/5/2, 79, 53, 14, , 2, 
2020/5/3, 77, 51, 14, , 1, 
2020/5/4, 72, 53, 14, , 1, 
2020/5/5, 63, 68, 14, , 2, 
2020/5/6, 78, 61, 14, , 2, 
2020/5/7, 71, 57, 14, , 3, 
2020/5/8, 75, 51, 14, , 4, 
2020/5/9, 73, 38, 14, , 3, 
2020/5/10, 66, 35, 14, , 3, 
2020/5/11, 59, 40, 14, , 2, 
2020/5/12, 70, 46, 14, , 2, 
2020/5/13, 73, 44, 14, , 2, 
2020/5/14, 75, 31, 14, , 2, 
2020/5/15, 63, 36, 14, , 2, 
2020/5/16, 64, 56, 14, , 2, 
2020/5/17, 76, 66, 14, , 2, 
2020/5/18, 81, 59, 14, , 2, 
2020/5/19, 68, 57, 14, 6, 2, 
2020/5/20, 68, 54, 14, 3, 2, 
2020/5/21, 68, 52, 14, 2, 2, 
2020/5/22, 67, 54, 14, 1, 1, 
2020/5/23, 68, 58, 14, , 2, 
2020/5/24, 72, 61, 14, , 1, 
2020/5/25, 79, 57, 14, , 2, 
2020/5/26, 71, 51, 14, , 2, 
2020/5/27, 61, 47, 14, , 2, 
2020/5/28, 57, 50, 14, , 1, 
2020/5/29, 61, 46, 14, , 2, 
2020/5/30, 60, 88, 14, , 2, 
2020/5/31, 65, 34, 14, , 2, 
2020/6/1, 68, 25, 14, , 3, 
2020/6/2, 37, 28, 14, , 3, 
2020/6/3, 46, 25, 14, , 3, 
2020/6/4, 32, 36, 14, , 3, 
2020/6/5, 50, 47, 14, , 2, 
2020/6/6, 50, 34, 14, , 2, 
2020/6/7, 48, 35, 14, , 2, 
2020/6/8, 41, 33, 14, , 3, 
2020/6/9, 43, 34, 14, , 3, 
2020/6/10, 67, 21, 14, , 3, 
2020/6/11, 34, 26, 14, , 3, 
2020/6/12, 35, 18, 14, , 3, 
2020/6/13, 24, 15, 14, , 3, 
2020/6/14, 24, 24, 14, , 3, 
2020/6/15, 28, 15, 14, , 3, 
2020/6/16, 22, 21, 14, , 3, 
2020/6/17, 22, 28, 14, , 3, 
2020/6/18, 31, , , , , 8
2020/6/20, 35, , , , , 
2020/6/23, 31, 38, 14, 7, 3, 17
2020/6/24, 31, 26, 14, 7, 3, 8
2020/6/25, 33, 23, 14, 7, 3, 14
2020/6/26, 26, 29, 14, 7, 3, 
2020/6/27, 38, 25, 14, 7, 2, 
2020/6/28, 33, 23, 14, 7, 2, 
2020/6/29, 27, 25, 14, 7, 2, 23
2020/6/30, 30, 16, 14, 7, 2, 18
2020/1/1, 97, 72, 9, 14, 7, 22
2020/1/2, 93, 85, 14, 15, 6, 17
2020/1/3, 126, 73, 15, 12, 7, 14
2020/1/4, 105, 82, 16, 14, 7, 16
2020/1/5, 129, 82, 17, 17, 7, 19
2020/1/6, 121, 71, 10, 13, 15, 23
2020/1/7, 88, 79, 11, 15, 2, 21
2020/1/8, 103, 79, 16, 12, 1, 18
2020/1/9, 131, , , , , 
2020/1/17, 117, 116, 13, 22, 1, 23
2020/1/18, 119, 84, 14, 18, , 23
2020/1/19, 107, 110, 13, 20, , 25
2020/1/20, 116, 92, 11, 19, , 26
2020/1/21, 117, 72, 11, 13, , 19
2020/1/22, 90, 135, 13, 29, 9, 31
2020/1/23, 115, 90, 13, 21, 13, 25
2020/1/24, 111, 110, 14, 22, 13, 27
2020/1/25, 126, 152, 10, 17, 9, 16
2020/1/26, 128, 111, 15, 20, 11, 23
2020/1/27, 127, 81, 16, 15, 13, 27
2020/1/28, 98, 67, 16, 13, 14, 22
2020/1/29, 93, 91, 19, 16, 14, 19
2020/1/30, 93, 102, 19, 21, 13, 17
2020/1/31, 129, 122, 21, 22, 13, 18
2020/2/1, 137, 68, 21, 8, 13, 12
2020/2/2, 106, , , , , 
2020/2/4, 119, 97, 14, 20, 13, 18
2020/2/5, 125, 119, 14, 21, 13, 21
2020/2/6, 141, 83, 16, 15, 12, 15
2020/2/7, 120, 82, 16, 13, 12, 15
2020/2/8, 124, 76, 14, 12, 12, 16
2020/2/9, 115, 75, 14, 13, 12, 18
2020/2/10, 100, 74, 12, 13, 12, 17
2020/2/11, 100, 86, 16, 16, 12, 20
2020/2/12, 113, 85, 16, 18, 11, 18
2020/2/13, 126, 105, 16, 23, 12, 18
2020/2/14, 135, 97, 16, 20, 12, 19
2020/2/15, 136, 130, 16, 24, 13, 24
2020/2/16, 134, 91, 16, 21, 12, 22
2020/2/17, 134, 91, 16, 22, 13, 20
2020/2/18, 118, 100, 16, 19, 13, 21
2020/2/19, 118, 90, 16, 21, 13, 24
2020/2/20, 127, 108, 16, 21, 14, 22
2020/2/21, 128, 104, 16, 20, 12, 25
2020/2/22, 108, 74, 16, 16, 12, 21
2020/2/23, 98, 86, 43, 19, 12, 21
2020/2/24, 103, 86, 43, 16, 12, 13
2020/2/25, 105, 76, 43, 17, 12, 10
2020/2/26, 96, 87, 22, 22, 12, 13
2020/2/27, 114, 92, 28, 20, 13, 16
2020/2/28, 119, 92, 28, 18, 13, 17
2020/2/29, 120, 74, 28, 10, 13, 13
2020/3/1, 111, 95, 28, 14, 13, 17
2020/3/2, 114, 115, 28, 18, 13, 23
2020/3/3, 105, 57, 28, 8, 13, 8
2020/3/4, 77, 108, 28, 16, 12, 13
2020/3/5, 122, 82, 28, 10, 13, 15
2020/3/6, 102, 85, 28, 11, 13, 13
2020/3/7, 83, 90, 28, 15, 13, 18
2020/3/8, 107, 80, 28, 14, 13, 12
2020/3/9, 140, 84, 28, 9, 13, 13
2020/3/10, 136, 66, 22, 8, 12, 29
2020/3/11, 92, 58, 14, 9, 12, 19
2020/3/12, 58, 70, 14, 5, 12, 15
2020/3/13, 74, 68, 14, 6, 12, 14
2020/3/14, 76, 74, 14, 8, 12, 18
2020/3/15, 95, 71, 14, 10, 12, 23
2020/3/16, 92, 72, 14, 11, 12, 24
2020/3/17, 99, 63, 14, 6, 12, 18
2020/3/18, 87, 58, 14, 7, 12, 17
2020/3/19, 83, 59, 14, 7, 12, 17
2020/3/20, 80, 72, 14, 6, 12, 14
2020/3/21, 90, 61, 14, 3, 12, 14
2020/3/22, 86, 65, 14, 4, 9, 14
2020/3/23, 88, 74, 14, 1, 1, 12
2020/3/24, 102, , , , , 
2019/10/1, 40, 42, 10, 11, 6, 6
2019/10/2, 54, 55, 9, 18, 6, 13
2019/10/3, 68, 28, 11, 9, 6, 7
2019/10/4, 44, 47, 9, 14, 6, 9
2019/10/5, 57, 36, 8, 17, 6, 9
2019/10/6, 58, 55, 9, 19, 6, 13
2019/10/7, 83, 62, 9, 15, 6, 9
2019/10/8, 87, 60, 9, 24, 6, 16
2019/10/9, 111, 40, 14, 14, 6, 15
2019/10/10, 68, 54, 10, 17, 6, 11
2019/10/11, 75, 66, 10, 18, 6, 12
2019/10/12, 73, 65, 10, 17, 6, 11
2019/10/13, 80, 77, 10, 20, 6, 15
2019/10/14, 103, 87, 12, 22, 6, 13
2019/10/15, 124, 89, 16, 20, 6, 14
2019/10/16, 140, 76, 13, 18, 6, 14
2019/10/17, 112, 51, 8, 17, 6, 13
2019/10/18, 63, 34, 9, 14, 6, 10
2019/10/19, 43, 40, 10, 12, 6, 9
2019/10/20, 50, 35, 14, 13, 6, 9
2019/10/21, 37, 53, 8, 19, 6, 14
2019/10/22, 60, 37, 7, 11, 6, 9
2019/10/23, 38, 41, 7, 14, 6, 11
2019/10/24, 42, 38, 8, 15, 6, 13
2019/10/25, 46, 48, 10, 16, 6, 13
2019/10/26, 53, 58, 9, 14, 6, 12
2019/10/27, 72, 70, 10, 18, 6, 15
2019/10/28, 96, 64, 11, 18, 6, 16
2019/10/29, 87, 46, 15, 15, 6, 12
2019/10/30, 63, 39, 11, 15, 6, 12
2019/10/31, 46, 45, 9, 14, 6, 11
2019/11/1, 59, 52, 8, 17, 6, 14
2019/11/2, 62, 56, 9, 17, 6, 12
2019/11/3, 70, 53, 11, 15, 6, 11
2019/11/4, 71, 58, 10, 13, 6, 9
2019/11/5, 94, 76, 11, 20, 6, 14
2019/11/6, 104, 59, 9, 18, 6, 16
2019/11/7, 81, 54, 10, 13, 6, 12
2019/11/8, 72, 59, 10, 16, 6, 10
2019/11/9, 78, 95, 11, 28, 6, 15
2019/11/10, 133, 97, 13, 28, 6, 18
2019/11/11, 148, 80, 19, 14, 6, 15
2019/11/12, 118, 82, 14, 15, 6, 12
2019/11/13, 125, 88, 19, 25, 6, 15
2019/11/14, 137, 86, 21, 23, 6, 17
2019/11/15, 137, 89, 24, 25, 6, 17
2019/11/16, 136, 83, 24, 20, 6, 13
2019/11/17, 135, 108, 32, 30, 6, 16
2019/11/18, 159, 115, 36, 30, 6, 18
2019/11/19, 159, 94, 31, 27, 6, 20
2019/11/20, 152, 98, 32, 24, 5, 17
2019/11/21, 154, 95, 29, 33, 5, 18
2019/11/22, 149, 85, 13, 25, 6, 26
2019/11/23, 129, 70, 29, 14, 5, 13
2019/11/24, 130, , , , , 
2019/11/26, 142, 90, 29, 27, 5, 19
2019/11/27, 132, 89, 27, 31, 5, 20
2019/11/28, 128, 89, 21, 27, 5, 25
2019/11/29, 115, 87, 28, 24, 5, 21
2019/11/30, 128, 75, 30, 21, 6, 17
2019/12/1, 120, 62, 16, 20, 6, 17
2019/12/2, 74, 63, 15, 20, 6, 18
2019/12/3, 82, 86, 26, 27, 6, 19
2019/12/4, 122, 95, 29, 24, 6, 18
2019/12/5, 151, 93, 39, 18, 6, 13
2019/12/6, 142, 108, 38, 32, 6, 17
2019/12/7, 156, 86, 31, 26, 6, 17
2019/12/8, 127, 79, 19, 30, 6, 22
2019/12/9, 101, 115, 24, 35, 6, 23
2019/12/10, 121, 89, 22, 36, 6, 25
2019/12/11, 120, 82, 21, 32, 6, 22
2019/12/12, 108, 85, 24, 31, 6, 20
2019/12/13, 117, 93, 18, 32, 6, 18
2019/12/14, 108, 82, 19, 31, 6, 19
2019/12/15, 100, 86, 20, 35, 6, 25
2019/12/16, 110, 82, 27, 31, 6, 21
2019/12/17, 107, 94, 27, 31, 6, 21
2019/12/18, 129, 101, 29, 35, 6, 19
2019/12/19, 141, 112, 33, 41, 6, 24
2019/12/20, 145, 107, 24, 65, 6, 28
2019/12/21, 142, 91, 34, 47, 6, 17
2019/12/22, 147, 91, 21, 44, 6, 20
2019/12/23, 137, 92, 16, 43, 6, 21
2019/12/24, 134, 73, 13, 34, 6, 20
2019/12/25, 115, 91, 12, 26, 6, 21
2019/12/26, 126, 89, 14, 16, 6, 19
2019/12/27, 131, 97, 18, 20, 6, 20
2019/12/28, 139, 78, 21, 11, 6, 24
2019/12/29, 82, , , , , 
2019/7/1, 47, 67, 11, 7, 4, 6
2019/7/2, 52, 79, 8, 5, 5, 5
2019/7/3, 46, , , , , 
2019/7/8, 55, 43, 10, 4, 4, 5
2019/7/9, 34, 49, 11, 4, 6, 4
2019/7/10, 42, 54, 11, 6, 5, 6
2019/7/11, 42, 53, 11, 6, 5, 6
2019/7/12, 45, 47, 13, 4, 5, 4
2019/7/13, 42, , 14, 3, 5, 3
2019/7/14, 42, 57, 15, 4, 5, 3
2019/7/15, 42, 48, 15, 3, 5, 3
2019/7/16, 47, 43, 16, 3, 5, 3
2019/7/17, 47, 54, 16, 5, 5, 4
2019/7/18, 57, 60, 14, 10, 6, 9
2019/7/19, 63, 26, 15, 5, 5, 5
2019/7/20, 35, , 10, 11, 5, 11
2019/7/21, 43, 77, 7, 12, 6, 13
2019/7/22, 41, 54, 9, 9, 6, 9
2019/7/23, 40, 49, 11, 5, 6, 6
2019/7/24, 35, 35, 14, 4, 5, 3
2019/7/25, 37, 40, 9, 7, 5, 7
2019/7/26, 40, 34, 13, 4, 5, 5
2019/7/27, 41, 44, 12, 4, 5, 6
2019/7/28, 48, 31, 11, 5, 5, 6
2019/7/29, 33, 21, 11, 7, 5, 8
2019/7/30, 31, 29, 8, 9, 5, 6
2019/7/31, 50, 42, 10, 7, 5, 4
2019/8/1, 49, 28, 9, 7, 5, 2
2019/8/2, 33, 30, 9, 11, 6, 2
2019/8/3, 67, 28, 11, 4, 6, 1
2019/8/4, 26, 39, 10, 5, 6, 2
2019/8/5, 24, 25, 9, 7, 6, 2
2019/8/6, 39, 25, 9, 7, 5, 2
2019/8/7, 30, 48, 10, 27, 6, 3
2019/8/8, 70, 87, 9, 58, 6, 
2019/8/9, 154, , , , , 
2019/8/20, 72, 37, 16, 54, 8, 8
2019/8/21, 73, 34, 13, 49, 8, 8
2019/8/22, 93, 30, 11, 48, 8, 
2019/8/23, 64, 37, 12, 51, 7, 42
2019/8/24, 82, 44, 14, 53, 7, 43
2019/8/25, 74, 50, 15, 54, 7, 43
2019/8/26, 95, 72, 13, 50, 6, 43
2019/8/27, 86, 257, 11, 51, 7, 43
2019/8/28, 85, 90, 10, 59, 6, 43
2019/8/29, 81, 50, 13, 54, 6, 43
2019/8/30, 69, 44, 10, 36, 6, 43
2019/8/31, 41, 35, 9, 25, 6, 43
2019/9/1, 47, 30, 7, 7, 6, 43
2019/9/2, 34, 24, 6, 8, 6, 43
2019/9/3, 37, 35, 7, 8, 6, 43
2019/9/4, 34, 42, 8, 7, 5, 29
2019/9/5, 33, 45, 8, 6, 5, 8
2019/9/6, 34, 43, 7, 9, 6, 6
2019/9/7, 51, 54, 9, 16, 5, 6
2019/9/8, 86, 42, 9, 4, 6, 7
2019/9/9, 37, 48, 8, 6, 6, 7
2019/9/10, 45, 52, 8, 6, 6, 8
2019/9/11, 51, 44, 9, 4, 6, 6
2019/9/12, 44, 37, 8, 4, 6, 5
2019/9/13, 41, 40, 9, 6, 6, 6
2019/9/14, 48, 31, 11, 3, 6, 5
2019/9/15, 40, 49, 10, 5, 6, 6
2019/9/16, 46, 33, 11, 7, 6, 5
2019/9/17, 41, 29, 8, 9, 6, 7
2019/9/18, 49, 33, 8, 11, 6, 11
2019/9/19, 48, 46, 6, 12, 5, 12
2019/9/20, 51, 60, 6, 14, 5, 11
2019/9/21, 66, 44, 7, 11, 5, 11
2019/9/22, 46, 40, 9, 12, 6, 8
2019/9/23, 58, 29, 9, 10, 6, 8
2019/9/24, 42, 31, 11, 16, 6, 9
2019/9/25, 39, 29, 10, 17, 6, 12
2019/9/26, 46, 36, 6, 12, 6, 10
2019/9/27, 35, 42, 7, 12, 6, 8
2019/9/28, 43, 40, 8, 13, 6, 14
2019/9/29, 50, 50, 8, 18, 6, 13
2019/9/30, 64, 30, 9, 9, 6, 8
2019/4/1, 107, 75, 49, 22, 5, 10
2019/4/2, 101, 89, 41, 30, 5, 17
2019/4/3, 123, 95, 31, 27, 5, 15
2019/4/4, 115, 52, 22, 22, 5, 14
2019/4/5, 91, 69, 21, 17, 5, 16
2019/4/6, 97, 70, 20, 30, 5, 13
2019/4/7, 100, 79, 33, 41, 5, 16
2019/4/8, 104, 77, 43, 22, 5, 15
2019/4/9, 108, 78, 41, 18, 5, 15
2019/4/10, 97, 73, 36, 23, 5, 18
2019/4/11, 96, 89, 36, 27, 5, 20
2019/4/12, 112, 54, 41, 14, 5, 15
2019/4/13, 83, 61, 40, 15, 5, 15
2019/4/14, 78, 75, 37, 23, 5, 20
2019/4/15, 92, 64, 35, 17, 5, 17
2019/4/16, 87, 75, 39, 9, 5, 14
2019/4/17, 97, 60, 43, 16, 5, 12
2019/4/18, 95, 69, 46, 36, 5, 14
2019/4/19, 115, 68, 43, 23, 5, 17
2019/4/20, 97, 89, 51, 18, 5, 10
2019/4/21, 109, 68, 41, 27, 4, 13
2019/4/22, 112, 80, 40, 41, 4, 18
2019/4/23, 123, 92, 40, 42, 4, 20
2019/4/24, 111, 74, 55, 30, 4, 12
2019/4/25, 99, 95, 42, 47, 4, 18
2019/4/26, 122, 87, 39, 51, 4, 12
2019/4/27, 130, 69, 49, 50, 4, 10
2019/4/28, 135, 88, 35, 32, 4, 12
2019/4/29, 119, 75, 41, 32, 4, 7
2019/4/30, 117, 76, 49, 21, 4, 7
2019/5/1, 111, 84, 49, 17, 4, 8
2019/5/2, 102, 78, 58, 19, 4, 7
2019/5/3, 99, 74, 45, 12, 4, 10
2019/5/4, 78, 75, 40, 11, 4, 10
2019/5/5, 86, 81, 38, 14, 4, 10
2019/5/6, 94, 76, 44, 9, 4, 9
2019/5/7, 89, 68, 45, 6, 4, 9
2019/5/8, 76, 64, 43, 8, 4, 8
2019/5/9, 84, 70, 45, 41, 5, 5
2019/5/10, 118, 61, 40, 20, 4, 5
2019/5/11, 72, 68, 42, 12, 4, 7
2019/5/12, 80, 73, 39, 13, 4, 7
2019/5/13, 83, 69, 41, 13, 4, 8
2019/5/14, 84, 69, 42, 14, 4, 8
2019/5/15, 78, 78, 42, 14, 4, 8
2019/5/16, 93, 78, 37, 10, 4, 8
2019/5/17, 89, 89, 33, 12, 4, 8
2019/5/18, 95, 82, 37, 15, 4, 9
2019/5/19, 96, 86, 40, 19, 4, 11
2019/5/20, 99, 89, 41, 17, 4, 11
2019/5/21, 99, 67, 38, 14, 4, 11
2019/5/22, 82, 85, 29, 23, 4, 8
2019/5/23, 92, 65, 31, 13, 4, 9
2019/5/24, 73, 73, 34, 10, 4, 9
2019/5/25, 80, 69, 45, 8, 4, 8
2019/5/26, 81, 74, 36, 10, 4, 9
2019/5/27, 91, 75, 40, 7, 4, 8
2019/5/28, 87, 72, 37, 7, 4, 8
2019/5/29, 80, 75, 41, 8, 4, 8
2019/5/30, 76, 78, 35, 15, 4, 11
2019/5/31, 89, 65, 32, 11, 4, 10
2019/6/1, 75, 68, 42, 8, 5, 9
2019/6/2, 79, 72, 31, 6, 5, 8
2019/6/3, 82, 45, 22, 11, 5, 9
2019/6/4, 70, 63, 27, 21, 5, 14
2019/6/5, 86, 70, 40, 12, 5, 11
2019/6/6, 90, 70, 31, 22, 5, 13
2019/6/7, 84, 60, 23, 19, 5, 14
2019/6/8, 74, 49, 29, 11, 5, 9
2019/6/9, 71, 30, 25, 14, 6, 9
2019/6/10, 48, 63, 20, 8, 5, 10
2019/6/11, 42, 40, 21, 7, 5, 8
2019/6/12, 51, 44, 15, 6, 6, 9
2019/6/13, 42, 45, 20, 4, 5, 7
2019/6/14, 46, 54, 19, 3, 6, 7
2019/6/15, 52, 50, 20, 3, 5, 7
2019/6/16, 51, 54, 19, 3, 5, 7
2019/6/17, 57, 52, 21, 3, 5, 7
2019/6/18, 53, 45, 18, 3, 5, 7
2019/6/19, 45, 54, 24, 4, 5, 6
2019/6/20, 59, 67, 29, 4, 5, 6
2019/6/21, 72, 47, 21, 9, 5, 9
2019/6/22, 58, 43, 24, 8, 5, 8
2019/6/23, 57, 32, 22, 7, 5, 7
2019/6/24, 53, 32, 17, 6, 4, 6
2019/6/25, 48, 34, 11, 6, 4, 5
2019/6/26, 42, 26, 14, 5, 4, 5
2019/6/27, 33, 33, 16, 3, 4, 5
2019/6/28, 27, 111, 22, 4, 4, 5
2019/6/29, 49, 35, 21, 3, 4, 5
2019/6/30, 37, 34, 10, 6, 4, 7
2019/1/1, 153, 155, 23, 58, 5, 25
2019/1/2, 162, 171, 33, 64, 5, 28
2019/1/3, 166, 146, 29, 54, 5, 24
2019/1/4, 152, 114, 37, 46, 5, 22
2019/1/5, 154, 103, 31, 33, 5, 17
2019/1/6, 147, 115, 29, 34, 5, 17
2019/1/7, 154, 103, 36, 29, 5, 13
2019/1/8, 152, , , , , 
2019/1/16, 173, 146, 33, 36, 5, 23
2019/1/17, 166, 116, 28, 38, 5, 18
2019/1/18, 145, 136, 26, 35, 4, 20
2019/1/19, 159, 120, 28, 33, 5, 17
2019/1/20, 153, 96, 29, 38, 5, 18
2019/1/21, 127, 121, 51, 39, 6, 17
2019/1/22, 136, 141, 42, 25, 5, 14
2019/1/23, 141, 140, 47, 26, 5, 15
2019/1/24, 143, 100, 41, 23, 5, 14
2019/1/25, 133, 83, 23, 23, 5, 12
2019/1/26, 129, 71, 25, 21, 5, 11
2019/1/27, 123, 83, 30, 25, 5, 13
2019/1/28, 141, 85, 30, 27, 5, 12
2019/1/29, 137, 135, 33, 32, 5, 16
2019/1/30, 132, 92, 40, 35, 5, 17
2019/1/31, 127, 105, 34, 34, 5, 17
2019/2/1, 133, 107, 34, 41, 5, 19
2019/2/2, 136, 93, 35, 34, 5, 16
2019/2/3, 138, 101, 39, 39, 5, 17
2019/2/4, 128, 86, 39, 34, 5, 16
2019/2/5, 124, 87, 36, 34, 5, 13
2019/2/6, 131, 76, 54, 22, 5, 9
2019/2/7, 122, 74, 41, 19, 5, 7
2019/2/8, 85, 136, 41, 32, 5, 11
2019/2/9, 121, 111, 42, 35, 5, 14
2019/2/10, 133, 102, 42, 29, 5, 15
2019/2/11, 137, 92, 27, 33, 5, 18
2019/2/12, 133, 102, 37, 37, 5, 19
2019/2/13, 132, 89, 38, 27, 5, 16
2019/2/14, 123, 87, 39, 27, 5, 15
2019/2/15, 118, 81, 50, 26, 5, 13
2019/2/16, 113, 84, 59, 30, 5, 11
2019/2/17, 130, 94, 48, 40, 5, 15
2019/2/18, 140, 124, 44, 47, 5, 19
2019/2/19, 136, 93, 30, 34, 5, 16
2019/2/20, 126, 80, 32, 30, 5, 13
2019/2/21, 106, 89, 36, 30, 5, 14
2019/2/22, 113, 92, 49, 37, 5, 19
2019/2/23, 123, 96, 54, 34, 5, 15
2019/2/24, 133, 93, 44, 38, 5, 13
2019/2/25, 117, 80, 42, 20, 5, 6
2019/2/26, 102, 89, 40, 30, 5, 12
2019/2/27, 111, 82, 46, 29, 5, 9
2019/2/28, 103, 105, 41, 55, 5, 17
2019/3/1, 122, 106, 38, 36, 5, 14
2019/3/2, 132, 76, 55, 30, 5, 12
2019/3/3, 109, 80, 66, 18, 5, 8
2019/3/4, 120, 102, 47, 16, 5, 7
2019/3/5, 117, 88, 52, 18, 5, 8
2019/3/6, 115, 87, 42, 28, 5, 10
2019/3/7, 117, 103, 58, 38, 5, 12
2019/3/8, 122, 108, 52, 38, 5, 16
2019/3/9, 123, 104, 38, 30, 6, 14
2019/3/10, 119, 99, 51, 20, 5, 10
2019/3/11, 124, 87, 42, 17, 5, 8
2019/3/12, 108, 82, 53, 14, 5, 7
2019/3/13, 104, 82, 51, 18, 5, 8
2019/3/14, 104, 91, 50, 27, 5, 12
2019/3/15, 111, 101, 44, 37, 6, 16
2019/3/16, 126, 81, 36, 28, 5, 14
2019/3/17, 121, 82, 47, 26, 5, 13
2019/3/18, 119, 87, 61, 23, 5, 13
2019/3/19, 120, 98, 60, 22, 6, 14
2019/3/20, 134, 80, 49, 16, 5, 12
2019/3/21, 110, 72, 49, 16, 5, 11
2019/3/22, 90, 80, 35, 21, 5, 11
2019/3/23, 110, , 47, 28, 5, 16
2019/3/24, 122, 90, 45, 18, 6, 12
2019/3/25, 133, 77, 47, 29, 5, 15
2019/3/26, 119, 103, 55, 32, 6, 17
2019/3/27, 134, 93, 44, 36, 5, 17
2019/3/28, 121, 102, 41, 42, 7, 20
2019/3/29, 131, 159, 51, 25, 5, 12
2019/3/30, 138, 67, 53, 19, 5, 11
2019/3/31, 122, 73, 40, 23, 5, 12
2018/12/9, 149, 105, 31, 24, 5, 19
2018/12/10, 147, 76, 26, 23, 5, 18
2018/12/11, 135, , , , , 
2018/12/15, 152, , , , , 
2018/12/17, 117, 58, 28, 23, 5, 10
2018/12/18, 74, 53, 17, 19, 5, 6
2018/12/19, 97, 140, 18, 33, 5, 24
2018/12/20, 111, 113, 29, 30, 5, 19
2018/12/21, 115, 152, 32, 28, 5, 16
2018/12/22, 127, 112, 31, 24, 5, 15
2018/12/23, 140, 88, 42, 30, 5, 16
2018/12/24, 149, , 32, 28, 5, 17
2018/12/25, 149, 95, 37, 41, 5, 23
2018/12/26, 146, 77, 43, 27, 5, 9
2018/12/27, 109, 88, 41, 29, 5, 9
2018/12/28, 124, 92, 36, 33, 5, 10
2018/12/29, 126, 94, 36, 33, 5, 9
2018/12/30, 138, , , , , 
2018/4/1, 118, 93, 58, 19, 9, 18
2018/4/2, 131, 83, 68, 15, 9, 14
2018/4/3, 122, 90, 73, 16, 10, 15
2018/4/4, 132, 84, 64, 15, 10, 14
2018/4/5, 133, 83, 64, 12, 10, 12
2018/4/6, 132, 78, 80, 11, 9, 10
2018/4/7, 103, 58, 71, 10, 10, 9
2018/4/8, 79, 55, 78, 11, 11, 10
2018/4/9, 78, 63, 58, 16, 10, 14
2018/4/10, 100, 64, 62, 9, 9, 11
2018/4/11, 94, 57, 69, 12, 10, 14
2018/4/12, 88, 96, 45, 18, 10, 22
2018/4/13, 119, 67, 49, 13, 10, 14
2018/4/14, 98, 73, 53, 12, 10, 12
2018/4/15, 102, 56, 54, 10, 9, 15
2018/4/16, 90, 81, 48, 14, 9, 17
2018/4/17, 114, 47, 48, 8, 9, 10
2018/4/18, 76, 78, 52, 11, 9, 11
2018/4/19, 108, 75, 35, 12, 10, 11
2018/4/20, 98, , , , , 
2018/1/1, 152, 115, 60, 46, 8, 30
2018/1/2, 153, 108, 50, 38, 9, 15
2018/1/3, 154, 122, 54, 38, 9, 32
2018/1/4, 157, 143, 81, 45, 10, 29
2018/1/5, 170, 174, 69, 48, 9, 27
2018/1/6, 176, 151, 61, 46, 9, 32
2018/1/7, 171, 142, 60, 53, 9, 34
2018/1/8, 168, 118, 73, 36, 8, 22
2018/1/9, 163, 114, 70, 36, 8, 22
2018/1/10, 162, 128, 62, 35, 10, 33
2018/1/11, 165, 133, 74, 42, 9, 34
2018/1/12, 165, 120, 68, 40, 9, 24
2018/1/13, 151, 99, 54, 36, 9, 22
2018/1/14, 145, 103, 49, 37, 8, 25
2018/1/15, 152, 104, 52, 33, 8, 21
2018/1/16, 155, 109, 48, 38, 9, 23
2018/1/17, 148, 96, 53, 33, 8, 20
2018/1/18, 141, 90, 51, 35, 8, 19
2018/1/19, 123, 96, 54, 61, 8, 21
2018/1/20, 129, 124, 62, 55, 9, 22
2018/1/21, 141, 121, 51, 59, 9, 21
2018/1/22, 149, 97, 36, 18, 9, 14
2018/1/23, 156, 102, 55, 16, 9, 27
2018/1/24, 135, 93, 72, 16, 9, 17
2018/1/25, 132, 107, 73, 17, 9, 16
2018/1/26, 133, 98, 75, 17, 9, 16
2018/1/27, 137, 122, 70, 21, 9, 21
2018/1/28, 151, 114, 61, 22, 9, 24
2018/1/29, 162, 111, 73, 17, 9, 19
2018/1/30, 150, 124, 53, 20, 9, 24
2018/1/31, 144, 117, 51, 21, 9, 26
2018/2/1, 138, 139, 57, 27, 9, 30
2018/2/2, 158, 127, 49, 22, 9, 22
2018/2/3, 153, , , , , 
2018/2/5, 106, 95, 50, 19, 9, 16
2018/2/6, 114, 105, 29, 21, 9, 22
2018/2/7, 133, 81, 60, 18, 9, 21
2018/2/8, 120, 78, 43, 17, 9, 16
2018/2/9, 119, 106, 33, 22, 9, 21
2018/2/10, 126, 92, 45, 15, 9, 14
2018/2/11, 123, 75, 54, 13, 9, 15
2018/2/12, 120, 73, 34, 14, 9, 15
2018/2/13, 117, 80, 39, 14, 9, 16
2018/2/14, 136, 83, 61, 14, 9, 16
2018/2/15, 141, 79, 56, 16, 9, 16
2018/2/16, 136, 99, 61, 20, 9, 18
2018/2/17, 150, 80, 67, 16, 9, 18
2018/2/18, 130, 85, 71, 18, 9, 19
2018/2/19, 129, 95, 58, 20, 9, 22
2018/2/20, 138, 110, 55, 22, 9, 28
2018/2/21, 148, 103, 60, 20, 9, 22
2018/2/22, 151, 112, 54, 21, 9, 25
2018/2/23, 154, 92, 58, 16, 10, 17
2018/2/24, 137, 85, 64, 16, 9, 18
2018/2/25, 118, 95, 48, 20, 9, 25
2018/2/26, 122, 99, 64, 20, 10, 20
2018/2/27, 133, 98, 68, 22, 9, 23
2018/2/28, 148, 99, 60, 22, 9, 24
2018/3/1, 146, 112, 65, 23, 10, 27
2018/3/2, 151, 94, 81, 20, 9, 25
2018/3/3, 149, 98, 81, 21, 9, 23
2018/3/4, 155, 103, 87, 21, 9, 23
2018/3/5, 154, 88, 75, 18, 10, 21
2018/3/6, 143, 89, 65, 20, 10, 21
2018/3/7, 142, 85, 66, 18, 9, 19
2018/3/8, 143, 96, 58, 20, 9, 20
2018/3/9, 139, 94, 79, 19, 8, 22
2018/3/10, 146, 116, 30, 19, 9, 20
2018/3/11, 164, 73, 59, 16, 9, 21
2018/3/12, 112, 92, 45, 18, 8, 30
2018/3/13, 135, 84, 53, 19, 8, 23
2018/3/14, 131, 69, 59, 12, 8, 18
2018/3/15, 109, 72, 48, 14, 8, 18
2018/3/16, 115, 71, 53, 17, 8, 21
2018/3/17, 137, 62, 48, 7, 8, 16
2018/3/18, 117, , , , , 
2018/3/20, 112, 65, 31, 11, 8, 16
2018/3/21, 107, 66, 68, 11, 9, 10
2018/3/22, 87, 76, 66, 11, 9, 8
2018/3/23, 111, 75, 57, 13, 10, 10
2018/3/24, 112, 90, 59, 23, 10, 16
2018/3/25, 135, 95, 79, 16, 10, 15
2018/3/26, 150, 92, 82, 16, 10, 13
2018/3/27, 144, 87, 36, 12, 9, 11
2018/3/28, 153, 74, 70, 11, 10, 10
2018/3/29, 124, 77, 68, 11, 10, 10
2018/3/30, 119, 82, 79, 10, 10, 10
2018/3/31, 114, 80, 72, 10, 10, 9
2017/10/1, 113, 69, 22, 28, 12, 13
2017/10/2, 117, 67, 22, 27, 11, 18
2017/10/3, 123, 88, 34, 29, 12, 22
2017/10/4, 133, 90, 44, 30, 12, 14
2017/10/5, 132, 65, 30, 26, 12, 14
2017/10/6, 121, 46, 29, 17, 12, 8
2017/10/7, 77, 40, 23, 17, 12, 7
2017/10/8, 74, 38, 24, 19, 12, 7
2017/10/9, 83, 37, 29, 15, 12, 7
2017/10/10, 66, 32, 24, 16, 12, 5
2017/10/11, 67, 29, 39, 14, 12, 12
2017/10/12, 60, 34, 23, 14, 12, 15
2017/10/13, 59, 45, 23, 16, 12, 15
2017/10/14, 74, 53, 25, 23, 12, 29
2017/10/15, 106, 53, 25, 23, 12, 27
2017/10/16, 95, 84, 25, 30, 12, 18
2017/10/17, 131, 85, 27, 30, 12, 22
2017/10/18, 125, 89, 28, 35, 13, 14
2017/10/19, 142, 118, 28, 36, 13, 15
2017/10/20, 177, 80, 27, 29, 13, 17
2017/10/21, 158, 67, 24, 28, 16, 14
2017/10/22, 144, 74, 23, 27, 15, 19
2017/10/23, 125, 78, 23, 26, 11, 24
2017/10/24, 118, 91, 24, 30, 12, 30
2017/10/25, 128, 79, 37, 26, 12, 10
2017/10/26, 123, 74, 26, 26, 13, 11
2017/10/27, 124, 75, 27, 27, 13, 9
2017/10/28, 123, 75, 27, 29, 13, 8
2017/10/29, 131, 80, 27, 29, 13, 11
2017/10/30, 131, 88, 28, 32, 13, 14
2017/10/31, 138, 96, 29, 33, 13, 15
2017/11/1, 141, 97, 29, 35, 14, 14
2017/11/2, 149, 95, 29, 36, 14, 13
2017/11/3, 151, 86, 29, 31, 14, 12
2017/11/4, 139, 70, 29, 27, 14, 12
2017/11/5, 125, 74, 30, 25, 14, 16
2017/11/6, 119, 75, 30, 26, 14, 17
2017/11/7, 113, 79, 31, 27, 14, 19
2017/11/8, 122, 78, 31, 28, 15, 18
2017/11/9, 125, 93, 31, 36, 14, 14
2017/11/10, 154, 91, 30, 35, 14, 12
2017/11/11, 150, 108, 30, 41, 14, 17
2017/11/12, 159, 85, 30, 34, 14, 17
2017/11/13, 146, 87, 31, 36, 14, 13
2017/11/14, 154, 86, 31, 36, 14, 17
2017/11/15, 153, 85, 35, 33, 15, 23
2017/11/16, 150, 82, 22, 15, 11, 22
2017/11/17, 149, 96, 23, 4, 11, 25
2017/11/18, 146, 80, 31, 1, 8, 21
2017/11/19, 125, 92, 36, 1, 8, 25
2017/11/20, 141, 84, 31, 1, 8, 14
2017/11/21, 141, , , , , 
2017/12/7, 97, 85, 44, 27, 9, 14
2017/12/8, 146, 99, 50, 33, 8, 14
2017/12/9, 152, 84, 46, 32, 8, 14
2017/12/10, 135, 102, 17, 37, 8, 15
2017/12/11, 138, 59, 44, 20, 8, 6
2017/12/12, 99, 158, 41, 46, 8, 22
2017/12/13, 165, 114, 34, 38, 8, 20
2017/12/14, 155, 96, 37, 35, 8, 15
2017/12/15, 149, 92, 50, 30, 8, 12
2017/12/16, 142, 87, 62, 26, 8, 9
2017/12/17, 146, 96, 60, 26, 8, 10
2017/12/18, 154, 87, 49, 29, 9, 10
2017/12/19, 122, 91, 51, 38, 8, 12
2017/12/20, 123, 109, 64, 44, 9, 13
2017/12/21, 146, 111, 43, 43, 8, 15
2017/12/22, 154, 135, 64, 48, 9, 17
2017/12/23, 168, 110, 58, 36, 9, 14
2017/12/24, 169, 141, 54, 46, 9, 22
2017/12/25, 168, 115, 57, 39, 9, 17
2017/12/26, 163, 106, 62, 35, 9, 15
2017/12/27, 149, 94, 59, 36, 9, 13
2017/12/28, 136, 131, 60, 49, 9, 30
2017/12/29, 158, 149, 51, 50, 9, 25
2017/12/30, 159, 102, 35, 35, 8, 19
2017/12/31, 155, 111, 71, 42, 9, 24
2017/7/1, 56, 47, 12, 14, 7, 2
2017/7/2, 62, 52, 12, 14, 7, 3
2017/7/3, 61, 44, 10, 12, 7, 4
2017/7/4, 53, 42, 10, 11, 7, 5
2017/7/5, 49, 48, 13, 13, 7, 4
2017/7/6, 53, 60, 13, 14, 8, 11
2017/7/7, 63, 56, 14, 15, 8, 11
2017/7/8, 68, 44, 11, 13, 8, 11
2017/7/9, 58, 40, 23, 9, 7, 13
2017/7/10, 55, 43, 21, 12, 7, 11
2017/7/11, 58, 44, 22, 13, 7, 12
2017/7/12, 56, 45, 21, 12, 7, 14
2017/7/13, 48, 49, 21, 13, 7, 10
2017/7/14, 56, 57, 21, 15, 7, 8
2017/7/15, 65, 40, 10, 12, 8, 8
2017/7/16, 49, 40, 11, 12, 8, 7
2017/7/17, 50, 34, 9, 11, 8, 8
2017/7/18, 46, 29, 9, 11, 8, 10
2017/7/19, 44, 30, 9, 11, 8, 12
2017/7/20, 42, 47, 17, 14, 8, 10
2017/7/21, 61, 58, 12, 13, 8, 11
2017/7/22, 57, 60, 13, 14, 8, 7
2017/7/23, 63, 68, 11, 12, 8, 7
2017/7/24, 50, 50, 11, 13, 8, 8
2017/7/25, 57, 53, 14, 14, 8, 7
2017/7/26, 62, 48, 10, 12, 9, 9
2017/7/27, 52, 44, 13, 12, 10, 10
2017/7/28, 51, 51, 11, 12, 10, 11
2017/7/29, 52, 46, 10, 12, 10, 4
2017/7/30, 53, 44, 11, 12, 10, 3
2017/7/31, 49, 35, 11, 12, 10, 3
2017/8/1, 48, 41, 23, 12, 10, 7
2017/8/2, 54, 41, 24, 12, 10, 9
2017/8/3, 51, 41, 26, 13, 10, 8
2017/8/4, 55, 49, 30, 13, 10, 8
2017/8/5, 57, 49, 37, 14, 10, 7
2017/8/6, 61, 51, 30, 13, 10, 6
2017/8/7, 60, 46, 30, 13, 10, 6
2017/8/8, 58, 45, 27, 13, 11, 6
2017/8/9, 57, 34, 23, 13, 11, 5
2017/8/10, 57, 35, 33, 12, 11, 5
2017/8/11, 51, 44, 30, 12, 11, 16
2017/8/12, 50, 47, 35, 13, 10, 35
2017/8/13, 56, 47, 24, 14, 11, 28
2017/8/14, 61, 35, 31, 13, 11, 5
2017/8/15, 56, 43, 26, 13, 11, 7
2017/8/16, 59, 55, 20, 14, 10, 8
2017/8/17, 65, 58, 20, 15, 10, 8
2017/8/18, 66, 41, 19, 14, 10, 8
2017/8/19, 60, 20, 19, 11, 10, 8
2017/8/20, 44, 42, 19, 14, 10, 12
2017/8/21, 61, 47, 19, 14, 10, 14
2017/8/22, 61, 44, 20, 14, 10, 10
2017/8/23, 66, 36, 21, 12, 10, 5
2017/8/24, 52, 38, 20, 12, 10, 14
2017/8/25, 52, 24, 20, 11, 11, 11
2017/8/26, 46, 25, 20, 11, 11, 15
2017/8/27, 46, 18, 20, 10, 11, 17
2017/8/28, 46, 24, 20, 13, 11, 19
2017/8/29, 57, 47, 20, 13, 11, 20
2017/8/30, 57, 51, 20, 13, 11, 17
2017/8/31, 58, 53, 20, 14, 11, 14
2017/9/1, 62, 41, 19, 12, 10, 13
2017/9/2, 53, 37, 12, 12, 11, 13
2017/9/3, 48, 50, 21, 14, 11, 14
2017/9/4, 62, 60, 21, 17, 11, 19
2017/9/5, 78, 58, 20, 21, 11, 19
2017/9/6, 99, , , , , 
2017/9/11, 79, 56, 21, 17, 11, 18
2017/9/12, 76, 41, 22, 14, 11, 13
2017/9/13, 62, 32, 21, 12, 11, 11
2017/9/14, 50, 29, 19, 11, 11, 10
2017/9/15, 65, , , , , 
2017/9/18, 52, 33, 20, 14, 11, 14
2017/9/19, 58, 29, 20, 13, 11, 13
2017/9/20, 59, 29, 21, 14, 11, 13
2017/9/21, 61, 33, 21, 14, 11, 12
2017/9/22, 63, 49, 36, 17, 11, 16
2017/9/23, 74, 55, 22, 18, 11, 18
2017/9/24, 84, 64, 22, 21, 11, 15
2017/9/25, 97, 65, 31, 22, 11, 15
2017/9/26, 99, 60, 22, 23, 11, 13
2017/9/27, 105, 50, 22, 22, 11, 13
2017/9/28, 101, 55, 23, 22, 11, 15
2017/9/29, 100, 63, 22, 27, 11, 17
2017/9/30, 116, 76, 24, 26, 11, 20
2017/4/1, 148, 76, 20, 15, 9, 3
2017/4/2, 116, 74, 19, 15, 8, 3
2017/4/3, 106, 78, 18, 15, 9, 5
2017/4/4, 111, 82, 25, 15, 8, 14
2017/4/5, 103, 85, 19, 15, 9, 16
2017/4/6, 116, 83, 17, 13, 5, 20
2017/4/7, 109, 102, 16, 13, 5, 19
2017/4/8, 127, 69, 19, 14, 5, 25
2017/4/9, 127, 115, 19, 15, 5, 24
2017/4/10, 129, 104, 19, 15, 5, 12
2017/4/11, 141, 81, 19, 14, 5, 10
2017/4/12, 103, 101, 22, 15, 5, 14
2017/4/13, 124, 123, 37, 16, 6, 24
2017/4/14, 152, 113, 77, 22, 6, 23
2017/4/15, 132, 108, 53, 41, 6, 23
2017/4/16, 127, 118, 40, 30, 5, 25
2017/4/17, 133, 92, 26, 11, 5, 25
2017/4/18, 124, 94, 27, 12, 5, 22
2017/4/19, 125, 81, 26, 15, 5, 8
2017/4/20, 117, 68, 21, 13, 5, 7
2017/4/21, 97, 77, 28, 17, 5, 7
2017/4/22, 104, 83, 21, 14, 5, 7
2017/4/23, 100, 80, 18, 13, 5, 7
2017/4/24, 94, 76, 19, 19, 5, 8
2017/4/25, 98, 76, 21, 22, 5, 8
2017/4/26, 104, 87, 25, 25, 5, 15
2017/4/27, 117, 90, 21, 24, 5, 15
2017/4/28, 112, 64, 22, 22, 5, 12
2017/4/29, 101, 63, 25, 22, 5, 5
2017/4/30, 97, 87, 22, 22, 5, 4
2017/5/1, 100, 107, 32, 30, 5, 15
2017/5/2, 133, 79, 24, 19, 6, 12
2017/5/3, 106, 65, 21, 15, 6, 19
2017/5/4, 96, 80, 29, 26, 6, 23
2017/5/5, 117, 75, 26, 25, 6, 19
2017/5/6, 116, 68, 24, 23, 6, 17
2017/5/7, 105, 62, 21, 20, 6, 18
2017/5/8, 94, 60, 33, 22, 6, 22
2017/5/9, 96, 66, 21, 21, 6, 26
2017/5/10, 98, 66, 24, 24, 6, 27
2017/5/11, 112, 73, 26, 26, 7, 26
2017/5/12, 118, 82, 28, 28, 7, 27
2017/5/13, 129, 66, 22, 22, 7, 16
2017/5/14, 102, 65, 23, 23, 7, 16
2017/5/15, 107, 64, 20, 19, 8, 17
2017/5/16, 87, 70, 18, 21, 7, 19
2017/5/17, 96, 66, 19, 21, 5, 18
2017/5/18, 96, 65, 18, 20, 5, 16
2017/5/19, 90, 62, 16, 18, 5, 17
2017/5/20, 82, 53, 17, 17, 5, 14
2017/5/21, 77, 59, 19, 19, 6, 17
2017/5/22, 86, 78, 22, 23, 6, 24
2017/5/23, 107, 69, 19, 20, 6, 20
2017/5/24, 93, 72, 22, 21, 6, 17
2017/5/25, 97, 64, 19, 19, 6, 16
2017/5/26, 88, 62, 14, 16, 6, 16
2017/5/27, 71, 55, 15, 16, 6, 12
2017/5/28, 73, 55, 13, 14, 6, 13
2017/5/29, 63, 60, 14, 14, 6, 12
2017/5/30, 63, 36, 10, 12, 6, 16
2017/5/31, 54, 43, 14, 13, 6, 17
2017/6/1, 58, 44, 14, 14, 6, 19
2017/6/2, 61, 43, 21, 16, 6, 19
2017/6/3, 68, 35, 20, 15, 6, 15
2017/6/4, 65, 39, 15, 14, 6, 15
2017/6/5, 61, 54, 15, 17, 6, 14
2017/6/6, 75, 31, 12, 13, 6, 14
2017/6/7, 58, 31, 11, 12, 7, 12
2017/6/8, 53, 37, 13, 14, 7, 11
2017/6/9, 65, 25, 11, 12, 7, 13
2017/6/10, 51, 35, 16, 15, 7, 16
2017/6/11, 65, 34, 10, 11, 7, 16
2017/6/12, 48, 65, 15, 15, 7, 13
2017/6/13, 67, 38, 12, 14, 7, 13
2017/6/14, 62, 33, 13, 14, 7, 13
2017/6/15, 62, 26, 12, 12, 6, 16
2017/6/16, 51, 36, 14, 13, 5, 21
2017/6/17, 57, 36, 10, 12, 5, 23
2017/6/18, 54, , , , , 
2017/6/20, 43, 38, 12, 13, 10, 4
2017/6/21, 52, 43, 11, 12, 5, 2
2017/6/22, 52, 43, 13, 14, 9, 2
2017/6/23, 60, 46, 12, 13, 8, 3
2017/6/24, 59, 48, 12, 14, 8, 3
2017/6/25, 64, 48, 14, 15, 8, 4
2017/6/26, 68, 50, 12, 14, 8, 4
2017/6/27, 64, 40, 12, 13, 8, 3
2017/6/28, 58, 48, 12, 14, 8, 3
2017/6/29, 59, 53, 13, 14, 8, 3
2017/6/30, 63, 44, 12, 13, 8, 3
2017/1/2, 178, 90, 35, 18, 7, 32
2017/1/3, 128, 113, 42, 19, 7, 28
2017/1/4, 148, 160, 35, 18, 8, 33
2017/1/5, 169, 195, 12, 18, 8, 40
2017/1/6, 180, 196, 18, 18, 8, 28
2017/1/7, 174, 162, 13, 18, 8, 21
2017/1/8, 164, 126, 11, 18, 8, 17
2017/1/9, 165, 99, 12, 17, 7, 11
2017/1/10, 140, 104, 13, 17, 7, 15
2017/1/11, 142, 107, 14, 17, 7, 16
2017/1/12, 147, 130, 13, 17, 8, 16
2017/1/13, 158, 115, 15, 18, 9, 17
2017/1/14, 154, 162, 11, 17, 9, 25
2017/1/15, 173, 156, 12, 18, 9, 28
2017/1/16, 174, 170, 11, 18, 10, 26
2017/1/17, 162, 131, 11, 26, 10, 25
2017/1/18, 154, 116, 12, 18, 9, 25
2017/1/19, 148, 144, 13, 17, 8, 30
2017/1/20, 159, 123, 13, 21, 9, 26
2017/1/21, 149, 109, 13, 16, 9, 24
2017/1/22, 131, 141, 14, 16, 9, 23
2017/1/23, 144, 116, 15, 16, 9, 17
2017/1/24, 152, 135, 15, 16, 9, 23
2017/1/25, 153, 105, 15, 16, 9, 27
2017/1/26, 154, 105, 14, 16, 9, 24
2017/1/27, 146, 95, 16, 16, 9, 24
2017/1/28, 128, 122, 16, 16, 10, 29
2017/1/29, 154, 145, 16, 16, 9, 35
2017/1/30, 152, 173, 16, 16, 10, 37
2017/1/31, 156, 147, 14, 16, 9, 30
2017/2/1, 162, 155, 15, 16, 9, 35
2017/2/2, 146, 137, 14, 16, 10, 31
2017/2/3, 161, 139, 15, 16, 10, 28
2017/2/4, 150, 122, 15, 16, 9, 25
2017/2/5, 144, 127, 15, 16, 9, 21
2017/2/6, 153, 128, 15, 16, 9, 25
2017/2/7, 151, 150, 15, 16, 9, 30
2017/2/8, 160, 157, 16, 16, 10, 33
2017/2/9, 161, 133, 15, 16, 10, 21
2017/2/10, 163, 105, 15, 16, 10, 9
2017/2/11, 151, 93, 15, 15, 10, 11
2017/2/12, 128, 112, 26, 16, 10, 12
2017/2/13, 138, 107, 24, 16, 11, 14
2017/2/14, 134, 105, 24, 16, 12, 13
2017/2/15, 154, 115, 16, 16, 11, 11
2017/2/16, 149, 122, 15, 16, 9, 13
2017/2/17, 140, 102, 14, 16, 10, 18
2017/2/18, 119, 118, 16, 16, 9, 20
2017/2/19, 135, 92, 16, 16, 10, 20
2017/2/20, 122, 128, 18, 16, 9, 29
2017/2/21, 127, 86, 17, 16, 9, 22
2017/2/22, 118, 88, 15, 16, 9, 26
2017/2/23, 113, 96, 16, 16, 9, 20
2017/2/24, 115, 103, 16, 16, 9, 16
2017/2/25, 126, 96, 16, 16, 9, 12
2017/2/26, 125, 121, 15, 16, 9, 15
2017/2/27, 137, 136, 15, 16, 9, 12
2017/2/28, 145, 122, 16, 16, 9, 20
2017/3/1, 139, 105, 15, 16, 9, 18
2017/3/2, 147, 121, 15, 16, 10, 16
2017/3/3, 136, 115, 18, 17, 9, 23
2017/3/4, 143, 94, 19, 16, 9, 29
2017/3/5, 126, 95, 16, 16, 9, 28
2017/3/6, 132, 83, 17, 16, 9, 24
2017/3/7, 116, 82, 16, 15, 9, 20
2017/3/8, 126, 85, 16, 17, 9, 17
2017/3/9, 105, 85, 16, 15, 10, 14
2017/3/10, 101, 75, 17, 15, 10, 22
2017/3/11, 87, 89, 17, 15, 10, 27
2017/3/12, 123, 91, 17, 15, 9, 22
2017/3/13, 131, 85, 14, 16, 8, 22
2017/3/14, 116, 82, 12, 17, 7, 22
2017/3/15, 101, 67, 9, 17, 7, 32
2017/3/16, 112, 70, 16, 17, 6, 26
2017/3/17, 92, 83, 7, 17, 6, 16
2017/3/18, 115, 90, 7, 16, 6, 9
2017/3/19, 122, 84, 7, 16, 6, 13
2017/3/20, 92, 102, 5, 17, 5, 21
2017/3/21, 129, 100, 4, 16, 7, 23
2017/3/22, 126, 123, 33, 18, 9, 30
2017/3/23, 154, 123, 35, 19, 8, 34
2017/3/24, 146, 104, 27, 18, 11, 24
2017/3/25, 148, 105, 24, 18, 9, 22
2017/3/26, 148, 111, 27, 19, 9, 24
2017/3/27, 139, 108, 28, 19, 10, 19
2017/3/28, 147, 112, 49, 20, 12, 18
2017/3/29, 147, 98, 27, 19, 11, 12
2017/3/30, 147, 116, 29, 18, 11, 18
2017/3/31, 157, 107, 25, 17, 11, 11
2016/10/1, 72, 20, 16, 14, 7, 37
2016/10/2, 50, 35, 16, 14, 7, 37
2016/10/3, 65, 30, 16, 14, 7, 36
2016/10/4, 51, 34, 16, 14, 7, 35
2016/10/5, 53, 38, 17, 14, 7, 34
2016/10/6, 51, 41, 17, 14, 7, 35
2016/10/7, 61, 46, 17, 14, 7, 38
2016/10/8, 69, 35, 17, 14, 7, 39
2016/10/9, 58, 53, 18, 14, 7, 35
2016/10/10, 84, 68, 17, 14, 7, 27
2016/10/11, 99, 79, 16, 14, 7, 30
2016/10/12, 111, 81, 16, 15, 7, 33
2016/10/13, 115, 83, 16, 15, 7, 32
2016/10/14, 111, 79, 17, 15, 7, 34
2016/10/15, 110, 72, 18, 15, 7, 31
2016/10/16, 114, 75, 18, 15, 7, 30
2016/10/17, 117, 86, 18, 15, 7, 32
2016/10/18, 120, 85, 19, 16, 7, 32
2016/10/19, 129, 105, 19, 16, 7, 36
2016/10/20, 133, 98, 19, 16, 7, 38
2016/10/21, 141, 98, 18, 16, 7, 32
2016/10/22, 136, 92, 19, 15, 7, 30
2016/10/23, 134, 89, 20, 16, 7, 30
2016/10/24, 130, 83, 19, 15, 7, 30
2016/10/25, 139, 79, 18, 16, 5, 35
2016/10/26, 122, 130, 17, 16, 6, 35
2016/10/27, 135, 97, 18, 16, 6, 36
2016/10/28, 132, 98, 21, 16, 6, 35
2016/10/29, 199, 117, 17, 15, 5, 37
2016/10/30, 168, 89, 16, 15, 6, 36
2016/10/31, 159, 84, 18, 15, 6, 29
2016/11/1, 152, 99, 17, 16, 6, 24
2016/11/2, 155, 86, 18, 16, 6, 22
2016/11/3, 141, 89, 18, 16, 6, 24
2016/11/4, 153, 103, 18, 16, 6, 24
2016/11/5, 161, 99, 17, 16, 6, 23
2016/11/6, 159, 92, 18, 17, 6, 24
2016/11/7, 150, 115, 18, 17, 6, 27
2016/11/8, 157, 116, 18, 18, 6, 27
2016/11/9, 156, 112, 19, 18, 7, 27
2016/11/10, 158, 123, 19, 18, 7, 27
2016/11/11, 171, 113, 17, 18, 6, 28
2016/11/12, 167, 165, 19, 18, 6, 33
2016/11/13, 185, 160, 17, 18, 7, 34
2016/11/14, 199, 124, 15, 17, 6, 35
2016/11/15, 176, 107, 15, 16, 11, 28
2016/11/16, 172, 108, 27, 17, 3, 20
2016/11/17, 164, 108, 7, 16, 5, 21
2016/11/18, 166, 110, 7, 16, 5, 20
2016/11/19, 149, 109, 9, 17, 5, 24
2016/11/20, 154, 105, 68, 18, 5, 25
2016/11/21, 153, 126, 8, 18, 5, 25
2016/11/22, 145, 110, 10, 19, 5, 32
2016/11/23, 153, 105, 8, 18, 5, 34
2016/11/24, 140, 95, 8, 18, 6, 28
2016/11/25, 145, 103, 8, 19, 6, 29
2016/11/26, 142, 94, 8, 18, 6, 30
2016/11/27, 136, 156, 10, 18, 6, 30
2016/11/28, 171, 115, 9, 18, 6, 32
2016/11/29, 151, 118, 10, 19, 6, 35
2016/11/30, 151, 136, 8, 19, 6, 24
2016/12/1, 164, 96, 8, 18, 6, 10
2016/12/2, 142, 93, 8, 18, 6, 13
2016/12/3, 144, 77, 7, 16, 6, 13
2016/12/4, 128, 92, 8, 16, 6, 15
2016/12/5, 149, 91, 9, 17, 6, 14
2016/12/6, 195, 122, 10, 18, 6, 16
2016/12/7, 165, 123, 10, 17, 6, 16
2016/12/8, 156, 88, 10, 18, 6, 16
2016/12/9, 142, 88, 10, 18, 6, 15
2016/12/10, 121, 95, 10, 18, 6, 17
2016/12/11, 146, 97, 10, 18, 6, 16
2016/12/12, 146, 91, 9, 18, 6, 18
2016/12/13, 112, 66, 8, 27, 6, 24
2016/12/14, 131, 84, 8, 16, 6, 34
2016/12/15, 133, 102, 8, 17, 6, 34
2016/12/16, 158, 100, 9, 16, 6, 25
2016/12/17, 146, 94, 9, 16, 6, 17
2016/12/18, 135, 105, 9, 17, 6, 15
2016/12/19, 137, 98, 9, 17, 6, 17
2016/12/20, 132, 132, 10, 18, 6, 21
2016/12/21, 161, 98, 11, 17, 6, 19
2016/12/22, 145, 93, 10, 17, 6, 15
2016/12/23, 124, 195, 10, 18, 7, 22
2016/12/24, 150, 210, 12, 18, 7, 37
2016/12/25, 169, 121, 10, 18, 6, 24
2016/12/26, 154, 97, 11, 17, 6, 17
2016/12/27, 136, 111, 41, 20, 6, 18
2016/12/28, 148, 123, 45, 20, 6, 25
2016/12/29, 157, 126, 51, 19, 6, 31
2016/12/30, 166, 119, 46, 19, 7, 35
2016/12/31, 160, 121, 48, 19, 7, 37
2017/1/1, 168, 150, 42, 19, 7, 33
2016/7/1, 56, 37, 16, 16, 6, 29
2016/7/2, 45, 32, 16, 16, 6, 31
2016/7/3, 45, 85, 15, 16, 7, 30
2016/7/4, 46, 38, 16, 16, 7, 29
2016/7/5, 42, 33, 16, 15, 7, 29
2016/7/6, 49, 53, 19, 16, 7, 29
2016/7/7, 61, 47, 16, 15, 7, 30
2016/7/8, 61, 39, 15, 15, 7, 29
2016/7/9, 59, 22, 16, 15, 7, 31
2016/7/10, 40, 21, 15, 15, 7, 30
2016/7/11, 50, 31, 15, 15, 7, 30
2016/7/12, 49, 37, 16, 15, 7, 28
2016/7/13, 45, 49, 15, 15, 7, 29
2016/7/14, 62, 45, 17, 15, 7, 25
2016/7/15, 64, 52, 16, 15, 7, 28
2016/7/16, 57, 43, 15, 15, 7, 30
2016/7/17, 58, 32, 15, 15, 7, 28
2016/7/18, 48, 33, 15, 15, 7, 28
2016/7/19, 55, 25, 16, 15, 7, 29
2016/7/20, 76, 21, 15, 15, 7, 28
2016/7/21, 51, 23, 15, 15, 7, 29
2016/7/22, 39, 38, 18, 14, 13, 29
2016/7/23, 75, 26, 16, 15, 7, 30
2016/7/24, 47, 51, 16, 15, 7, 30
2016/7/25, 50, 32, 16, 15, 7, 30
2016/7/26, 47, 30, 16, 15, 7, 29
2016/7/27, 62, 46, 16, 14, 7, 28
2016/7/28, 55, 26, 15, 14, 7, 29
2016/7/29, 42, 28, 16, 14, 7, 30
2016/7/30, 47, 23, 15, 14, 7, 31
2016/7/31, 38, 25, 15, 14, 7, 30
2016/8/1, 48, 27, 15, 14, 7, 29
2016/8/2, 40, 25, 15, 14, 7, 30
2016/8/3, 48, 29, 20, 14, 7, 30
2016/8/4, 43, 30, 16, 14, 7, 30
2016/8/5, 46, 31, 16, 14, 7, 29
2016/8/6, 39, 29, 16, 14, 7, 31
2016/8/7, 40, 45, 16, 14, 7, 30
2016/8/8, 63, 44, 16, 14, 7, 30
2016/8/9, 48, 47, 16, 14, 7, 30
2016/8/10, 53, 42, 15, 14, 7, 30
2016/8/11, 53, 44, 16, 14, 7, 29
2016/8/12, 49, 46, 16, 14, 7, 31
2016/8/13, 76, 51, 16, 14, 7, 32
2016/8/14, 57, 41, 16, 14, 7, 31
2016/8/15, 48, 39, 16, 14, 7, 29
2016/8/16, 52, 40, 16, 14, 7, 30
2016/8/17, 51, 35, 16, 14, 7, 31
2016/8/18, 53, 44, 17, 14, 7, 30
2016/8/19, 53, 48, 16, 14, 7, 31
2016/8/20, 61, 43, 16, 14, 7, 34
2016/8/21, 54, 40, 19, 14, 7, 31
2016/8/22, 59, 35, 16, 14, 7, 31
2016/8/23, 44, 34, 20, 14, 7, 31
2016/8/24, 59, 43, 17, 14, 7, 31
2016/8/25, 54, 41, 16, 14, 7, 31
2016/8/26, 61, 27, 17, 14, 7, 31
2016/8/27, 42, 27, 16, 14, 7, 33
2016/8/28, 38, 30, 22, 14, 7, 32
2016/8/29, 56, 32, 18, 14, 7, 31
2016/8/30, 58, 31, 16, 14, 7, 31
2016/8/31, 50, 34, 16, 14, 7, 31
2016/9/1, 43, 29, 16, 14, 7, 31
2016/9/2, 43, 38, 16, 14, 7, 31
2016/9/3, 44, 50, 16, 14, 7, 32
2016/9/4, 61, 55, 17, 14, 7, 30
2016/9/5, 65, 51, 17, 14, 7, 30
2016/9/6, 56, 51, 19, 14, 7, 31
2016/9/7, 66, 51, 17, 14, 7, 32
2016/9/8, 61, 46, 18, 14, 7, 32
2016/9/9, 68, 42, 17, 14, 7, 31
2016/9/10, 58, 46, 16, 14, 7, 34
2016/9/11, 66, 46, 16, 14, 7, 35
2016/9/12, 70, 46, 21, 14, 7, 34
2016/9/13, 83, 23, 16, 14, 7, 32
2016/9/14, 48, 22, 17, 14, 7, 31
2016/9/15, 65, 22, 16, 14, 7, 33
2016/9/16, 56, 22, 16, 14, 7, 34
2016/9/17, 40, 31, 16, 14, 7, 31
2016/9/18, 48, 29, 17, 14, 7, 33
2016/9/19, 44, 23, 16, 14, 7, 33
2016/9/20, 47, 28, 17, 14, 7, 32
2016/9/21, 46, 25, 17, 14, 7, 31
2016/9/22, 60, 24, 17, 14, 7, 34
2016/9/23, 51, 21, 17, 14, 7, 33
2016/9/24, 52, 29, 17, 14, 7, 31
2016/9/25, 67, 48, 18, 14, 7, 34
2016/9/26, 97, 52, 17, 14, 7, 35
2016/9/27, 92, 55, 18, 14, 7, 36
2016/9/28, 88, 54, 18, 14, 7, 37
2016/9/29, 83, 49, 18, 14, 7, 34
2016/9/30, 77, 34, 16, 14, 7, 34
2016/4/1, 117, 105, 43, 21, 5, 25
2016/4/2, 141, 118, 31, 20, 5, 25
2016/4/3, 140, , , , , 
2016/4/5, 153, 75, 35, 20, 5, 22
2016/4/6, 128, 83, 32, 23, 5, 26
2016/4/7, 144, 74, 41, 20, 5, 24
2016/4/8, 120, 72, 32, 22, 5, 24
2016/4/9, 100, , , , , 
2016/5/9, 122, 58, 34, 19, 6, 23
2016/5/10, 80, 53, 32, 19, 6, 27
2016/5/11, 110, 83, 23, 20, 6, 28
2016/5/12, 132, 80, 27, 19, 6, 26
2016/5/13, 107, 61, 23, 17, 6, 23
2016/5/14, 92, 65, 22, 17, 5, 21
2016/5/15, 102, 65, 21, 17, 6, 23
2016/5/16, 100, 70, 19, 18, 6, 24
2016/5/17, 98, 83, 17, 17, 6, 24
2016/5/18, 96, 64, 18, 17, 6, 22
2016/5/19, 83, 63, 20, 16, 6, 19
2016/5/20, 74, 51, 19, 16, 6, 19
2016/5/21, 63, 54, 19, 15, 6, 18
2016/5/22, 64, 51, 18, 16, 6, 19
2016/5/23, 60, 45, 18, 16, 6, 20
2016/5/24, 61, 46, 17, 16, 7, 20
2016/5/25, 55, 44, 18, 16, 7, 21
2016/5/26, 54, 53, 17, 16, 7, 20
2016/5/27, 67, 39, 18, 16, 7, 20
2016/5/28, 58, 44, 17, 15, 7, 19
2016/5/29, 57, 42, 17, 16, 7, 20
2016/5/30, 60, 50, 17, 16, 7, 21
2016/5/31, 76, 53, 18, 16, 7, 22
2016/6/1, 22, 58, 18, 17, 7, 23
2016/6/2, 100, 48, 17, 16, 6, 22
2016/6/3, 67, 39, 20, 16, 7, 22
2016/6/4, 65, 42, 19, 16, 7, 21
2016/6/5, 69, 55, 18, 16, 7, 23
2016/6/6, 96, 61, 50, 16, 7, 23
2016/6/7, 96, 63, 16, 17, 7, 26
2016/6/8, 102, 52, 17, 16, 7, 25
2016/6/9, 73, 43, 23, 16, 7, 22
2016/6/10, 65, 41, 15, 16, 7, 22
2016/6/11, 60, 37, 16, 16, 7, 22
2016/6/12, 50, 37, 17, 16, 7, 21
2016/6/13, 59, 37, 16, 16, 7, 19
2016/6/14, 47, 53, 17, 16, 7, 20
2016/6/15, 70, 57, 17, 16, 7, 20
2016/6/16, 53, 72, 18, 16, 7, 20
2016/6/17, 89, 66, 17, 16, 7, 21
2016/6/18, 65, 61, 16, 16, 7, 23
2016/6/19, 84, 50, 15, 16, 7, 24
2016/6/20, 104, 54, 15, 17, 7, 28
2016/6/21, 75, 29, 16, 16, 7, 22
2016/6/22, 56, 28, 18, 16, 7, 22
2016/6/23, 30, 25, 16, 16, 7, 22
2016/6/24, 43, 28, 16, 16, 7, 23
2016/6/25, 39, 26, 15, 15, 6, 28
2016/6/26, 43, 30, 15, 16, 6, 28
2016/6/27, 48, 41, 15, 16, 6, 28
2016/6/28, 40, 18, 16, 15, 7, 28
2016/6/29, 40, 27, 15, 16, 6, 29
2016/6/30, 41, 39, 16, 16, 7, 29
2016/1/4, 145, 121, 16, 17, 8, 27
2016/1/5, 147, 103, 15, 16, 8, 30
2016/1/6, 151, 115, 16, 16, 8, 26
2016/1/7, 147, 103, 16, 16, 8, 23
2016/1/8, 135, 90, 17, 16, 12, 18
2016/1/9, 130, 104, , 13, 6, 15
2016/1/10, 139, 83, 8, 13, 6, 114
2016/1/11, 118, 111, 9, 13, 7, 281
2016/1/12, 143, 123, 9, 14, 8, 23
2016/1/13, 151, 107, 9, 13, 9, 25
2016/1/14, 135, 84, 10, 12, 8, 24
2016/1/15, 126, 81, 8, 13, 8, 24
2016/1/16, 132, 85, 9, 12, 8, 24
2016/1/17, 141, 95, 19, 17, 8, 23
2016/1/18, 132, 73, 26, 18, 8, 17
2016/1/19, 119, 70, 38, 18, 6, 6
2016/1/20, 115, 86, 45, 19, 7, 6
2016/1/21, 122, 93, 41, 21, 7, 10
2016/1/22, 128, 115, 45, 21, 8, 11
2016/1/23, 137, 138, 45, 21, 8, 13
2016/1/24, 151, 149, 41, 23, 9, 14
2016/1/25, 169, 124, 45, 22, 7, 14
2016/1/26, 164, 99, 46, 22, 7, 14
2016/1/27, 146, 122, 53, 23, 8, 16
2016/1/28, 155, 150, 36, 22, 7, 12
2016/1/29, 141, 146, 41, 25, 10, 23
2016/1/30, 148, 139, 56, 23, 8, 18
2016/1/31, 157, 131, 48, 23, 7, 15
2016/2/1, 161, 114, 47, 23, 7, 17
2016/2/2, 145, 111, 46, 21, 6, 12
2016/2/3, 135, 102, 51, 22, 6, 12
2016/2/4, 130, 124, 78, 23, 7, 14
2016/2/5, 145, 114, 42, 22, 6, 13
2016/2/6, 161, 128, 50, 20, 6, 13
2016/2/7, 160, 109, 48, 21, 6, 12
2016/2/8, 153, 107, 45, 21, 6, 14
2016/2/9, 148, 139, 61, 19, 5, 13
2016/2/10, 160, 97, 53, 18, 5, 9
2016/2/11, 145, 84, 42, 18, 4, 9
2016/2/12, 119, 92, 40, 19, 5, 12
2016/2/13, 133, 125, 37, 21, 5, 17
2016/2/14, 145, 102, 32, 22, 6, 16
2016/2/15, 132, 83, 27, 20, 6, 13
2016/2/16, 116, 76, 31, 20, 6, 14
2016/2/17, 87, 90, 26, 18, 6, 14
2016/2/18, 110, 90, 27, 19, 5, 15
2016/2/19, 91, 87, 39, 21, 5, 18
2016/2/20, 97, 95, 46, 19, 5, 14
2016/2/21, 127, 84, 40, 19, 5, 12
2016/2/22, 133, 99, 46, 20, 5, 19
2016/2/23, 139, 85, 54, 18, 5, 12
2016/2/24, 135, 82, 57, 18, 5, 14
2016/2/25, 125, 91, 53, 20, 5, 14
2016/2/26, 135, 84, 36, 21, 5, 15
2016/2/27, 118, 67, 34, 20, 5, 14
2016/2/28, 103, 91, 34, 20, 5, 16
2016/2/29, 93, 78, 38, 20, 5, 18
2016/3/1, 67, 92, 35, 19, 4, 13
2016/3/2, 103, 76, 31, 19, 4, 16
2016/3/3, 96, 98, 35, 20, 4, 20
2016/3/4, 140, 75, 33, 20, 5, 18
2016/3/5, 124, 115, 30, 24, 8, 11
2016/3/6, 173, 87, 31, 26, 10, 22
2016/3/7, 141, 81, 34, 21, 6, 17
2016/3/8, 122, 97, 38, 21, 6, 19
2016/3/9, 130, 112, 43, 20, 6, 21
2016/3/10, 139, 97, 35, 21, 6, 18
2016/3/11, 130, 85, 48, 19, 6, 13
2016/3/12, 134, 66, 52, 15, 5, 8
2016/3/13, 107, 66, 39, 16, 5, 13
2016/3/14, 79, 76, 41, 18, 5, 14
2016/3/15, 111, 72, 41, 16, 5, 12
2016/3/16, 102, 71, 45, 16, 5, 12
2016/3/17, 111, 81, 53, 17, 5, 14
2016/3/18, 124, 94, 39, 17, 5, 14
2016/3/19, 120, 97, 40, 17, 5, 12
2016/3/20, 115, 94, 41, 16, 5, 10
2016/3/21, 102, 85, 50, 17, 5, 14
2016/3/22, 99, 104, 46, 21, 6, 19
2016/3/23, 133, 114, 46, 20, 6, 20
2016/3/24, 151, 99, 46, 21, 5, 20
2016/3/25, 147, 99, 57, 19, 5, 19
2016/3/26, 156, 90, 50, 17, 5, 15
2016/3/27, 143, 83, 43, 19, 5, 18
2016/3/28, 129, 90, 39, 19, 5, 21
2016/3/29, 144, 90, 45, 18, 5, 17
2016/3/30, 134, 95, 47, 19, 5, 20
2016/3/31, 138, 99, 43, 20, 5, 22
2023/4/2, , 88, 22, 22, 22, 
2023/5/21, , 79, 19, 19, 11, 
2023/3/7, , 91, 30, 28, 44, 
2022/10/24, , 61, 27, 10, 16, 11
2022/12/5, , 73, 17, 13, 9, 10
2022/12/10, , 72, 15, 12, 10, 9
2022/12/19, , 63, 18, 11, 5, 5
2022/7/29, , 55, 11, 7, 11, 9
2022/8/31, , 54, 12, 9, 10, 7
2022/3/31, , 76, 24, 15, 10, 9
2022/4/10, , 71, 25, 15, 10, 13
2022/5/1, , 68, 27, 17, 14, 12
2022/5/8, , 75, 23, 10, 10, 9
2022/5/15, , 66, 22, 15, 11, 9
2022/6/16, , 65, 34, 14, 12, 10
2022/6/19, , 62, 34, 13, 11, 11
2022/1/2, , 53, 18, 18, 8, 7
2022/1/5, , 63, 13, 16, 8, 7
2022/2/17, , 55, 19, 16, 11, 12
2022/2/22, , 70, 19, 20, 7, 8
2021/10/1, , 72, 23, 12, 6, 3
2021/10/19, , 59, 22, , 7, 10
2021/10/28, , 59, 17, , 8, 13
2021/11/7, , 64, 25, , 11, 10
2021/11/16, , 68, 14, , 7, 6
2021/11/21, , 42, 13, , 6, 6
2021/12/3, , 43, 28, , 4, 3
2021/12/9, , 68, 14, , 6, 6
2021/7/6, , 38, 16, 3, 7, 2
2021/7/21, , 24, 13, 2, 5, 1
2021/8/10, , 48, 14, 3, 8, 5
2021/8/16, , 43, 15, 3, 9, 4
2021/8/26, , 26, 12, 2, 5, 4
2021/8/30, , 16, 13, 2, 7, 3
2021/9/19, , 24, 19, 3, 9, 10
2021/4/11, , 51, 13, 8, 4, 1
2021/4/29, , 57, 20, 8, 3, 4
2021/5/12, , 34, 19, 5, 5, 2
2021/5/16, , 27, 17, 6, 3, 1
2021/5/19, , 40, 17, 5, 5, 3
2021/5/23, , 47, 16, 6, 5, 4
2021/6/14, , 25, 21, 3, 6, 7
2021/6/22, , 47, 16, 5, 9, 3
2021/1/12, , 78, 22, 12, 4, 
2021/2/7, , 90, 13, 14, 6, 
2021/2/22, , 62, 19, 13, 4, 5
2021/3/10, , 67, 22, 12, 6, 4
2021/3/14, , 131, 24, 12, 6, 5
2020/10/23, , 66, 14, 7, 2, 
2020/10/25, , 78, 14, 7, 2, 
2020/10/31, , 92, 14, 7, 1, 
2020/7/9, , 16, 14, 7, 4, 13
2020/7/15, , 36, 14, 7, 2, 
2020/7/21, , 17, 14, 7, 2, 2
2020/9/3, , 63, 14, 7, 2, 
2020/9/18, , 41, 15, 7, 3, 1
2020/9/21, , 22, 15, , 4, 
2020/9/23, , 35, 14, 7, 2, 
2020/4/1, , 58, 14, , 2, 
2020/6/19, , 40, 14, , 2, 8
2020/6/22, , 42, 14, 6, 2, 20
2019/12/31, , 73, 12, 16, 7, 22
2020/1/16, , 97, 4, 27, , 21
2020/2/3, , 104, 16, 22, 13, 19
2019/11/25, , 96, 28, 31, 5, 22
2019/7/7, , 36, 9, 8, 4, 8
2019/8/19, , 48, 20, 54, 7, 5
2018/12/31, , 138, 24, 49, 5, 16
2019/1/15, , 226, 21, 38, 5, 22
2018/12/8, , 120, 13, 44, 5, 21
2018/12/14, , 97, 32, 22, 5, 12
2018/12/16, , 84, 31, 23, 5, 13
2018/2/4, , 93, 50, 23, 9, 24
2018/3/19, , 71, 59, 13, 8, 20
2017/12/6, , 60, 26, 25, 9, 14
2017/9/10, , 53, 21, 17, 11, 20
2017/9/17, , 41, 19, 12, 11, 16
2017/6/19, , 32, 8, 11, 6, 20
2016/4/4, , 88, 39, 19, 5, 24
2016/5/8, , 84, 29, 20, 5, 24
2016/1/3, , 126, 18, 18, 8, 22
2023/7/7, , , 20, 18, 12, 
2022/11/23, , , 11, 14, 7, 6
2022/11/24, , , 11, 14, 7, 6
2022/11/25, , , 11, 13, 7, 7
2022/11/26, , , 11, 14, 7, 7
2022/11/27, , , 11, 14, 7, 
2022/11/28, , , 11, 14, 7, 
2022/11/29, , , 11, 14, 8, 7
2022/11/30, , , 11, 14, 7, 7
2021/7/11, , , 15, 3, 7, 
2021/4/25, , , 21, 7, 7, 5
2020/8/31, , , 14, 19, , 
2022/12/4, , , , 11, , 
2021/7/18, , , , 3, , 
2021/8/29, , , , 3, , 
2021/9/30, , , , 2, , 
2021/6/20, , , , 2, , 
2020/9/17, , , , 7, , 